Gstin,Status,KycScore,SharedContact,Sector
27AAAAA7009A1Z0,Active,38,9876543210,General
27AAAAA5558A1Z1,Active,17,9876543210,General
27AAAAA8421A1Z2,Active,14,9876543210,General
27AAAAA2109A1Z3,Active,11,9876543210,General
27AAAAA5043A1Z4,Active,19,9876543210,General
27AAAAA8681A1Z5,Active,34,9876543210,General
27AAAAA2328A1Z6,Active,21,9876543210,General
27AAAAA3202A1Z7,Cancelled,24,9876543210,General
27AAAAA4453A1Z8,Active,20,9876543210,General
27AAAAA3776A1Z9,Active,26,9876543210,General
27AAAAA7114A1Z10,Active,18,9876543210,General
27AAAAA8331A1Z11,Active,38,9876543210,General
27AAAAA4624A1Z12,Cancelled,29,9876543210,General
27AAAAA8147A1Z13,Active,14,9876543210,General
27AAAAA8028A1Z14,Active,30,9876543210,General
27AAAAA1798A1Z15,Active,28,9876543210,General
27AAAAA2239A1Z16,Active,24,9876543210,General
27AAAAA2285A1Z17,Active,32,9876543210,General
27AAAAA3363A1Z18,Active,11,9876543210,General
27AAAAA8718A1Z19,Active,33,9876543210,General
27AAAAA8744A1Z20,Cancelled,20,9876543210,General
27AAAAA7096A1Z21,Active,22,9876543210,General
27AAAAA7263A1Z22,Active,24,9876543210,General
27AAAAA3971A1Z23,Active,26,9876543210,General
27AAAAA5726A1Z24,Active,23,9876543210,General
27AAAAA7649A1Z25,Active,32,9876543210,General
27AAAAA7634A1Z26,Active,20,9876543210,General
27AAAAA4075A1Z27,Active,24,9876543210,General
27AAAAA9799A1Z28,Active,37,9876543210,General
27AAAAA2726A1Z29,Active,16,9876543210,General
27AAAAA9800A1Z30,Active,33,9876543210,General
27AAAAA6193A1Z31,Active,15,9876543210,General
27AAAAA5512A1Z32,Active,20,9876543210,General
27AAAAA1559A1Z33,Active,24,9876543210,General
27AAAAA5498A1Z34,Cancelled,37,9876543210,General
27AAAAA8867A1Z35,Active,26,9876543210,General
27AAAAA4627A1Z36,Active,28,9876543210,General
27AAAAA9991A1Z37,Active,28,9876543210,General
27AAAAA5929A1Z38,Cancelled,35,9876543210,General
27AAAAA4780A1Z39,Active,31,9876543210,General
27AAAAA1856A1Z40,Active,18,9876543210,General
27AAAAA5925A1Z41,Cancelled,13,9876543210,General
27AAAAA3860A1Z42,Active,15,9876543210,General
27AAAAA6300A1Z43,Active,16,9876543210,General
27AAAAA6852A1Z44,Active,37,9876543210,General
27AAAAA3150A1Z45,Active,35,9876543210,General
27AAAAA7903A1Z46,Cancelled,25,9876543210,General
27AAAAA8895A1Z47,Active,10,9876543210,General
27AAAAA5089A1Z48,Active,29,9876543210,General
27AAAAA3748A1Z49,Cancelled,40,9876543210,General
27AAAAA6757A1Z50,Active,34,9876543210,General
27AAAAA3630A1Z51,Active,29,9876543210,General
27AAAAA4535A1Z52,Active,31,9876543210,General
27AAAAA8870A1Z53,Active,34,9876543210,General
27AAAAA1550A1Z54,Active,36,9876543210,General
27AAAAA8811A1Z55,Active,13,9876543210,General
27AAAAA6445A1Z56,Active,33,9876543210,General
27AAAAA4221A1Z57,Active,40,9876543210,General
27AAAAA5267A1Z58,Active,35,9876543210,General
27AAAAA5597A1Z59,Cancelled,16,9876543210,General
27AAAAA6343A1Z60,Active,26,9876543210,General
27AAAAA5878A1Z61,Active,18,9876543210,General
27AAAAA7993A1Z62,Active,11,9876543210,General
27AAAAA4729A1Z63,Active,35,9876543210,General
27AAAAA6931A1Z64,Active,37,9876543210,General
27AAAAA4638A1Z65,Active,34,9876543210,General
27AAAAA5281A1Z66,Cancelled,25,9876543210,General
27AAAAA8645A1Z67,Active,14,9876543210,General
27AAAAA9320A1Z68,Active,34,9876543210,General
27AAAAA6091A1Z69,Cancelled,21,9876543210,General
27AAAAA3141A1Z70,Cancelled,34,9876543210,General
27AAAAA9392A1Z71,Active,17,9876543210,General
27AAAAA5333A1Z72,Active,10,9876543210,General
27AAAAA9021A1Z73,Active,30,9876543210,General
27AAAAA6970A1Z74,Active,15,9876543210,General
27AAAAA9596A1Z75,Active,10,9876543210,General
27AAAAA9853A1Z76,Active,21,9876543210,General
27AAAAA3638A1Z77,Active,39,9876543210,General
27AAAAA9558A1Z78,Active,25,9876543210,General
27AAAAA6694A1Z79,Cancelled,23,9876543210,General
27AAAAA8870A1Z80,Active,18,9876543210,General
27AAAAA5639A1Z81,Active,37,9876543210,General
27AAAAA9461A1Z82,Active,32,9876543210,General
27AAAAA9184A1Z83,Active,23,9876543210,General
27AAAAA4511A1Z84,Active,11,9876543210,General
27AAAAA1587A1Z85,Cancelled,12,9876543210,General
27AAAAA9347A1Z86,Cancelled,12,9876543210,General
27AAAAA9587A1Z87,Active,11,9876543210,General
27AAAAA8810A1Z88,Active,18,9876543210,General
27AAAAA8190A1Z89,Active,12,9876543210,General
27AAAAA6326A1Z90,Active,18,9876543210,General
27AAAAA6481A1Z91,Active,14,9876543210,General
27AAAAA3487A1Z92,Active,21,9876543210,General
27AAAAA3241A1Z93,Active,10,9876543210,General
27AAAAA1315A1Z94,Cancelled,10,9876543210,General
27AAAAA8284A1Z95,Active,39,9876543210,General
27AAAAA1903A1Z96,Cancelled,34,9876543210,General
27AAAAA7597A1Z97,Cancelled,29,9876543210,General
27AAAAA7252A1Z98,Cancelled,26,9876543210,General
27AAAAA1390A1Z99,Active,32,9876543210,General
27AAAAA4135A1Z100,Active,22,9876543210,General
27AAAAA3434A1Z101,Active,18,9876543210,General
27AAAAA3055A1Z102,Active,38,9876543210,General
27AAAAA4773A1Z103,Active,16,9876543210,General
27AAAAA4096A1Z104,Active,30,9876543210,General
27AAAAA3070A1Z105,Cancelled,17,9876543210,General
27AAAAA4596A1Z106,Active,11,9876543210,General
27AAAAA7966A1Z107,Active,12,9876543210,General
27AAAAA4078A1Z108,Active,31,9876543210,General
27AAAAA1361A1Z109,Active,18,9876543210,General
27AAAAA3249A1Z110,Active,25,9876543210,General
27AAAAA4449A1Z111,Cancelled,12,9876543210,General
27AAAAA2855A1Z112,Active,20,9876543210,General
27AAAAA1997A1Z113,Active,38,9876543210,General
27AAAAA6749A1Z114,Cancelled,17,9876543210,General
27AAAAA8579A1Z115,Active,16,9876543210,General
27AAAAA8584A1Z116,Active,24,9876543210,General
27AAAAA7979A1Z117,Cancelled,19,9876543210,General
27AAAAA4213A1Z118,Active,10,9876543210,General
27AAAAA1558A1Z119,Active,32,9876543210,General
27AAAAA7883A1Z120,Active,16,9876543210,General
27AAAAA5713A1Z121,Cancelled,31,9876543210,General
27AAAAA9685A1Z122,Active,31,9876543210,General
27AAAAA6273A1Z123,Active,24,9876543210,General
27AAAAA8541A1Z124,Cancelled,24,9876543210,General
27AAAAA5530A1Z125,Active,36,9876543210,General
27AAAAA7062A1Z126,Active,16,9876543210,General
27AAAAA6444A1Z127,Active,36,9876543210,General
27AAAAA6796A1Z128,Active,33,9876543210,General
27AAAAA8060A1Z129,Active,12,9876543210,General
27AAAAA2817A1Z130,Active,13,9876543210,General
27AAAAA2431A1Z131,Active,21,9876543210,General
27AAAAA5211A1Z132,Active,32,9876543210,General
27AAAAA8124A1Z133,Cancelled,33,9876543210,General
27AAAAA7259A1Z134,Cancelled,10,9876543210,General
27AAAAA3185A1Z135,Active,37,9876543210,General
27AAAAA2839A1Z136,Active,15,9876543210,General
27AAAAA3913A1Z137,Active,13,9876543210,General
27AAAAA1341A1Z138,Active,16,9876543210,General
27AAAAA6401A1Z139,Active,17,9876543210,General
27AAAAA4587A1Z140,Active,39,9876543210,General
27AAAAA2341A1Z141,Cancelled,29,9876543210,General
27AAAAA7242A1Z142,Active,38,9876543210,General
27AAAAA6713A1Z143,Active,33,9876543210,General
27AAAAA9686A1Z144,Active,37,9876543210,General
27AAAAA3226A1Z145,Active,16,9876543210,General
27AAAAA7652A1Z146,Active,30,9876543210,General
27AAAAA2211A1Z147,Cancelled,29,9876543210,General
27AAAAA8431A1Z148,Active,23,9876543210,General
27AAAAA9256A1Z149,Cancelled,14,9876543210,General
27AAAAA8511A1Z150,Active,13,9876543210,General
27AAAAA7321A1Z151,Cancelled,34,9876543210,General
27AAAAA9200A1Z152,Active,14,9876543210,General
27AAAAA1567A1Z153,Active,11,9876543210,General
27AAAAA1376A1Z154,Active,11,9876543210,General
27AAAAA4542A1Z155,Cancelled,25,9876543210,General
27AAAAA2120A1Z156,Active,15,9876543210,General
27AAAAA5907A1Z157,Active,33,9876543210,General
27AAAAA8383A1Z158,Active,17,9876543210,General
27AAAAA3752A1Z159,Active,16,9876543210,General
27AAAAA7215A1Z160,Cancelled,17,9876543210,General
27AAAAA3943A1Z161,Active,15,9876543210,General
27AAAAA5330A1Z162,Cancelled,11,9876543210,General
27AAAAA5538A1Z163,Active,25,9876543210,General
27AAAAA6162A1Z164,Active,35,9876543210,General
27AAAAA3205A1Z165,Active,37,9876543210,General
27AAAAA3315A1Z166,Active,19,9876543210,General
27AAAAA5933A1Z167,Active,15,9876543210,General
27AAAAA9962A1Z168,Active,15,9876543210,General
27AAAAA9900A1Z169,Active,23,9876543210,General
27AAAAA8316A1Z170,Active,21,9876543210,General
27AAAAA3356A1Z171,Active,32,9876543210,General
27AAAAA8540A1Z172,Active,14,9876543210,General
27AAAAA3430A1Z173,Active,21,9876543210,General
27AAAAA1905A1Z174,Active,31,9876543210,General
27AAAAA6082A1Z175,Active,15,9876543210,General
27AAAAA5546A1Z176,Active,34,9876543210,General
27AAAAA3767A1Z177,Active,18,9876543210,General
27AAAAA4310A1Z178,Active,28,9876543210,General
27AAAAA1913A1Z179,Cancelled,38,9876543210,General
27AAAAA1863A1Z180,Active,12,9876543210,General
27AAAAA7706A1Z181,Active,20,9876543210,General
27AAAAA7807A1Z182,Cancelled,37,9876543210,General
27AAAAA4189A1Z183,Active,34,9876543210,General
27AAAAA8189A1Z184,Active,39,9876543210,General
27AAAAA3027A1Z185,Active,19,9876543210,General
27AAAAA6083A1Z186,Active,10,9876543210,General
27AAAAA3290A1Z187,Active,33,9876543210,General
27AAAAA6679A1Z188,Cancelled,21,9876543210,General
27AAAAA2716A1Z189,Active,33,9876543210,General
27AAAAA3307A1Z190,Active,18,9876543210,General
27AAAAA4118A1Z191,Active,39,9876543210,General
27AAAAA2337A1Z192,Active,30,9876543210,General
27AAAAA7979A1Z193,Active,40,9876543210,General
27AAAAA7594A1Z194,Active,19,9876543210,General
27AAAAA1231A1Z195,Cancelled,14,9876543210,General
27AAAAA3397A1Z196,Active,16,9876543210,General
27AAAAA9467A1Z197,Active,25,9876543210,General
27AAAAA5225A1Z198,Cancelled,24,9876543210,General
27AAAAA6628A1Z199,Active,34,9876543210,General
27AAAAA5691A1Z200,Active,10,9876543210,General
27AAAAA5194A1Z201,Active,35,9876543210,General
27AAAAA5522A1Z202,Active,22,9876543210,General
27AAAAA8371A1Z203,Active,14,9876543210,General
27AAAAA4080A1Z204,Cancelled,40,9876543210,General
27AAAAA5825A1Z205,Active,28,9876543210,General
27AAAAA9844A1Z206,Active,26,9876543210,General
27AAAAA8619A1Z207,Active,13,9876543210,General
27AAAAA7339A1Z208,Active,35,9876543210,General
27AAAAA2353A1Z209,Cancelled,33,9876543210,General
27AAAAA1681A1Z210,Active,33,9876543210,General
27AAAAA5120A1Z211,Active,14,9876543210,General
27AAAAA3837A1Z212,Active,40,9876543210,General
27AAAAA5066A1Z213,Active,40,9876543210,General
27AAAAA9627A1Z214,Active,26,9876543210,General
27AAAAA2217A1Z215,Active,11,9876543210,General
27AAAAA7635A1Z216,Active,31,9876543210,General
27AAAAA3498A1Z217,Active,31,9876543210,General
27AAAAA7468A1Z218,Active,26,9876543210,General
27AAAAA3454A1Z219,Active,30,9876543210,General
27AAAAA8606A1Z220,Active,27,9876543210,General
27AAAAA4768A1Z221,Active,31,9876543210,General
27AAAAA3784A1Z222,Active,33,9876543210,General
27AAAAA2822A1Z223,Active,31,9876543210,General
27AAAAA1331A1Z224,Active,20,9876543210,General
27AAAAA2443A1Z225,Active,38,9876543210,General
27AAAAA2252A1Z226,Cancelled,27,9876543210,General
27AAAAA6452A1Z227,Active,12,9876543210,General
27AAAAA1035A1Z228,Cancelled,13,9876543210,General
27AAAAA8131A1Z229,Active,22,9876543210,General
27AAAAA8477A1Z230,Active,17,9876543210,General
27AAAAA6581A1Z231,Active,31,9876543210,General
27AAAAA8898A1Z232,Active,37,9876543210,General
27AAAAA1942A1Z233,Cancelled,33,9876543210,General
27AAAAA1594A1Z234,Active,39,9876543210,General
27AAAAA6597A1Z235,Active,37,9876543210,General
27AAAAA5079A1Z236,Active,33,9876543210,General
27AAAAA7097A1Z237,Active,40,9876543210,General
27AAAAA8812A1Z238,Active,23,9876543210,General
27AAAAA2781A1Z239,Active,30,9876543210,General
27AAAAA3829A1Z240,Active,34,9876543210,General
27AAAAA7531A1Z241,Active,12,9876543210,General
27AAAAA9377A1Z242,Cancelled,30,9876543210,General
27AAAAA2617A1Z243,Active,15,9876543210,General
27AAAAA1462A1Z244,Active,31,9876543210,General
27AAAAA1512A1Z245,Active,23,9876543210,General
27AAAAA3189A1Z246,Active,13,9876543210,General
27AAAAA9304A1Z247,Active,35,9876543210,General
27AAAAA2220A1Z248,Active,16,9876543210,General
27AAAAA3128A1Z249,Active,29,9876543210,General
27AAAAA5241A1Z250,Active,19,9876543210,General
27AAAAA3092A1Z251,Cancelled,30,9876543210,General
27AAAAA7338A1Z252,Active,12,9876543210,General
27AAAAA2308A1Z253,Active,28,9876543210,General
27AAAAA1652A1Z254,Active,28,9876543210,General
27AAAAA6199A1Z255,Active,18,9876543210,General
27AAAAA8478A1Z256,Active,13,9876543210,General
27AAAAA7346A1Z257,Cancelled,19,9876543210,General
27AAAAA8083A1Z258,Active,22,9876543210,General
27AAAAA5228A1Z259,Cancelled,22,9876543210,General
27AAAAA7399A1Z260,Active,32,9876543210,General
27AAAAA1036A1Z261,Active,11,9876543210,General
27AAAAA4307A1Z262,Active,36,9876543210,General
27AAAAA6070A1Z263,Active,25,9876543210,General
27AAAAA6467A1Z264,Cancelled,37,9876543210,General
27AAAAA9672A1Z265,Active,18,9876543210,General
27AAAAA2408A1Z266,Active,18,9876543210,General
27AAAAA5545A1Z267,Active,22,9876543210,General
27AAAAA3710A1Z268,Active,12,9876543210,General
27AAAAA2507A1Z269,Active,19,9876543210,General
27AAAAA7627A1Z270,Active,37,9876543210,General
27AAAAA3102A1Z271,Active,23,9876543210,General
27AAAAA5800A1Z272,Active,22,9876543210,General
27AAAAA3196A1Z273,Active,31,9876543210,General
27AAAAA5035A1Z274,Cancelled,24,9876543210,General
27AAAAA7468A1Z275,Active,15,9876543210,General
27AAAAA9468A1Z276,Cancelled,32,9876543210,General
27AAAAA1910A1Z277,Cancelled,11,9876543210,General
27AAAAA6289A1Z278,Active,36,9876543210,General
27AAAAA8802A1Z279,Active,23,9876543210,General
27AAAAA2602A1Z280,Cancelled,28,9876543210,General
27AAAAA8413A1Z281,Active,19,9876543210,General
27AAAAA4042A1Z282,Active,35,9876543210,General
27AAAAA3500A1Z283,Cancelled,25,9876543210,General
27AAAAA1976A1Z284,Active,26,9876543210,General
27AAAAA5083A1Z285,Active,29,9876543210,General
27AAAAA8315A1Z286,Active,36,9876543210,General
27AAAAA5263A1Z287,Cancelled,27,9876543210,General
27AAAAA8948A1Z288,Active,28,9876543210,General
27AAAAA2736A1Z289,Active,23,9876543210,General
27AAAAA1537A1Z290,Active,24,9876543210,General
27AAAAA6092A1Z291,Active,24,9876543210,General
27AAAAA5604A1Z292,Active,32,9876543210,General
27AAAAA7984A1Z293,Active,10,9876543210,General
27AAAAA5770A1Z294,Active,25,9876543210,General
27AAAAA6741A1Z295,Cancelled,37,9876543210,General
27AAAAA3693A1Z296,Active,28,9876543210,General
27AAAAA9462A1Z297,Active,17,9876543210,General
27AAAAA9920A1Z298,Active,13,9876543210,General
27AAAAA2441A1Z299,Active,26,9876543210,General
07BBBBB5781B1Z0,Cancelled,39,9826374019,Metal/Steel
07BBBBB9052B1Z1,Active,18,9430640870,Metal/Steel
07BBBBB1714B1Z2,Cancelled,25,9821133898,Metal/Steel
07BBBBB2745B1Z3,Active,37,9108869435,Metal/Steel
07BBBBB3655B1Z4,Active,18,9712806846,Metal/Steel
07BBBBB6698B1Z5,Cancelled,25,9921631790,Metal/Steel
07BBBBB7489B1Z6,Cancelled,35,9129851038,Metal/Steel
07BBBBB9539B1Z7,Active,14,9427575377,Metal/Steel
07BBBBB5614B1Z8,Active,24,9722198430,Metal/Steel
07BBBBB1613B1Z9,Active,34,9247553525,Metal/Steel
07BBBBB6140B1Z10,Cancelled,31,9919703787,Metal/Steel
07BBBBB9639B1Z11,Active,17,9596454995,Metal/Steel
07BBBBB7426B1Z12,Active,27,9792663020,Metal/Steel
07BBBBB7903B1Z13,Active,33,9657894357,Metal/Steel
07BBBBB7998B1Z14,Active,30,9864872547,Metal/Steel
07BBBBB1928B1Z15,Cancelled,25,9795375339,Metal/Steel
07BBBBB6440B1Z16,Cancelled,14,9936869675,Metal/Steel
07BBBBB8076B1Z17,Active,21,9270488248,Metal/Steel
07BBBBB2026B1Z18,Active,38,9962652775,Metal/Steel
07BBBBB8723B1Z19,Active,12,9155767558,Metal/Steel
07BBBBB9925B1Z20,Active,17,9471096117,Metal/Steel
07BBBBB3508B1Z21,Active,20,9376517135,Metal/Steel
07BBBBB6621B1Z22,Active,34,9787730624,Metal/Steel
07BBBBB4212B1Z23,Active,16,9185042581,Metal/Steel
07BBBBB6370B1Z24,Active,31,9674457470,Metal/Steel
07BBBBB5454B1Z25,Active,17,9771891953,Metal/Steel
07BBBBB7724B1Z26,Active,32,9341703094,Metal/Steel
07BBBBB2478B1Z27,Active,19,9945054515,Metal/Steel
07BBBBB6394B1Z28,Active,34,9623713737,Metal/Steel
07BBBBB2041B1Z29,Active,16,9163836823,Metal/Steel
07BBBBB9997B1Z30,Cancelled,27,9889232152,Metal/Steel
07BBBBB8616B1Z31,Active,26,9537352454,Metal/Steel
07BBBBB9470B1Z32,Active,27,9529049729,Metal/Steel
07BBBBB6804B1Z33,Active,34,9814211095,Metal/Steel
07BBBBB7126B1Z34,Active,37,9112183290,Metal/Steel
07BBBBB7001B1Z35,Cancelled,30,9669608174,Metal/Steel
07BBBBB1986B1Z36,Active,37,9512802725,Metal/Steel
07BBBBB9602B1Z37,Active,35,9910100840,Metal/Steel
07BBBBB8028B1Z38,Active,22,9705067703,Metal/Steel
07BBBBB5882B1Z39,Active,14,9919441520,Metal/Steel
07BBBBB6347B1Z40,Active,17,9198799168,Metal/Steel
07BBBBB3169B1Z41,Active,36,9666333761,Metal/Steel
07BBBBB4538B1Z42,Active,13,9388354916,Metal/Steel
07BBBBB2405B1Z43,Active,36,9649444037,Metal/Steel
07BBBBB8411B1Z44,Active,11,9446138055,Metal/Steel
07BBBBB5776B1Z45,Active,40,9641500813,Metal/Steel
07BBBBB2306B1Z46,Active,14,9153340950,Metal/Steel
07BBBBB6207B1Z47,Cancelled,25,9494199942,Metal/Steel
07BBBBB2286B1Z48,Active,17,9861999865,Metal/Steel
07BBBBB4526B1Z49,Cancelled,29,9927277451,Metal/Steel
07BBBBB2452B1Z50,Active,11,9335259054,Metal/Steel
07BBBBB6263B1Z51,Active,16,9615946854,Metal/Steel
07BBBBB5752B1Z52,Active,17,9158131976,Metal/Steel
07BBBBB9645B1Z53,Active,29,9924542228,Metal/Steel
07BBBBB5830B1Z54,Cancelled,37,9684362585,Metal/Steel
07BBBBB1287B1Z55,Cancelled,19,9925262656,Metal/Steel
07BBBBB6347B1Z56,Active,12,9175316458,Metal/Steel
07BBBBB9003B1Z57,Cancelled,23,9855262662,Metal/Steel
07BBBBB6769B1Z58,Active,29,9858344191,Metal/Steel
07BBBBB5201B1Z59,Active,23,9731296925,Metal/Steel
07BBBBB5743B1Z60,Cancelled,14,9278940982,Metal/Steel
07BBBBB1992B1Z61,Active,11,9489681839,Metal/Steel
07BBBBB7702B1Z62,Active,22,9532672136,Metal/Steel
07BBBBB3114B1Z63,Cancelled,19,9657869543,Metal/Steel
07BBBBB4153B1Z64,Cancelled,17,9228743401,Metal/Steel
07BBBBB3499B1Z65,Active,35,9490706138,Metal/Steel
07BBBBB4090B1Z66,Active,24,9533724883,Metal/Steel
07BBBBB8040B1Z67,Active,10,9981343976,Metal/Steel
07BBBBB8801B1Z68,Active,25,9563416080,Metal/Steel
07BBBBB2647B1Z69,Active,12,9502695894,Metal/Steel
07BBBBB9848B1Z70,Cancelled,17,9998896017,Metal/Steel
07BBBBB6074B1Z71,Active,14,9577188621,Metal/Steel
07BBBBB3104B1Z72,Active,21,9326616835,Metal/Steel
07BBBBB5554B1Z73,Active,38,9126662993,Metal/Steel
07BBBBB4410B1Z74,Active,40,9972076907,Metal/Steel
07BBBBB6850B1Z75,Cancelled,26,9531896609,Metal/Steel
07BBBBB7380B1Z76,Active,30,9587531394,Metal/Steel
07BBBBB2519B1Z77,Cancelled,12,9196568524,Metal/Steel
07BBBBB4060B1Z78,Cancelled,10,9469443856,Metal/Steel
07BBBBB6409B1Z79,Active,28,9246490058,Metal/Steel
07BBBBB5278B1Z80,Cancelled,34,9373931140,Metal/Steel
07BBBBB8182B1Z81,Active,31,9706589728,Metal/Steel
07BBBBB4868B1Z82,Active,28,9684883723,Metal/Steel
07BBBBB3075B1Z83,Active,10,9944294788,Metal/Steel
07BBBBB6316B1Z84,Active,10,9333884625,Metal/Steel
07BBBBB2266B1Z85,Active,30,9169656153,Metal/Steel
07BBBBB2379B1Z86,Active,30,9575981756,Metal/Steel
07BBBBB4908B1Z87,Cancelled,12,9343741927,Metal/Steel
07BBBBB2579B1Z88,Active,13,9235890718,Metal/Steel
07BBBBB1746B1Z89,Cancelled,25,9570974077,Metal/Steel
07BBBBB6666B1Z90,Cancelled,24,9609294730,Metal/Steel
07BBBBB9388B1Z91,Active,30,9338053705,Metal/Steel
07BBBBB4504B1Z92,Active,31,9286028222,Metal/Steel
07BBBBB3552B1Z93,Active,16,9317379787,Metal/Steel
07BBBBB6023B1Z94,Active,21,9319844031,Metal/Steel
07BBBBB4208B1Z95,Cancelled,32,9981262239,Metal/Steel
07BBBBB7770B1Z96,Active,32,9343111278,Metal/Steel
07BBBBB5161B1Z97,Active,22,9711412455,Metal/Steel
07BBBBB4232B1Z98,Active,32,9872337333,Metal/Steel
07BBBBB8528B1Z99,Cancelled,23,9135868275,Metal/Steel
07BBBBB6069B1Z100,Active,23,9823489724,Metal/Steel
07BBBBB5244B1Z101,Cancelled,10,9689507411,Metal/Steel
07BBBBB1799B1Z102,Active,24,9599641996,Metal/Steel
07BBBBB2076B1Z103,Active,30,9684364510,Metal/Steel
07BBBBB6252B1Z104,Active,32,9628776046,Metal/Steel
07BBBBB6701B1Z105,Active,14,9339517816,Metal/Steel
07BBBBB7489B1Z106,Active,35,9608363108,Metal/Steel
07BBBBB4149B1Z107,Cancelled,40,9201613478,Metal/Steel
07BBBBB1903B1Z108,Active,33,9922346788,Metal/Steel
07BBBBB4058B1Z109,Active,20,9431994284,Metal/Steel
07BBBBB7166B1Z110,Active,35,9687028223,Metal/Steel
07BBBBB1498B1Z111,Active,25,9310167105,Metal/Steel
07BBBBB4624B1Z112,Active,39,9605335838,Metal/Steel
07BBBBB7867B1Z113,Active,24,9465230894,Metal/Steel
07BBBBB6647B1Z114,Active,27,9967183044,Metal/Steel
07BBBBB3598B1Z115,Active,22,9469733167,Metal/Steel
07BBBBB6373B1Z116,Active,30,9355726959,Metal/Steel
07BBBBB3221B1Z117,Active,30,9745188252,Metal/Steel
07BBBBB1786B1Z118,Active,22,9619783348,Metal/Steel
07BBBBB7773B1Z119,Active,10,9650374662,Metal/Steel
07BBBBB1439B1Z120,Active,29,9454422068,Metal/Steel
07BBBBB5363B1Z121,Active,20,9323863722,Metal/Steel
07BBBBB3894B1Z122,Active,32,9224685753,Metal/Steel
07BBBBB2422B1Z123,Active,18,9429613755,Metal/Steel
07BBBBB7555B1Z124,Active,31,9908841541,Metal/Steel
07BBBBB3144B1Z125,Active,37,9544008031,Metal/Steel
07BBBBB3717B1Z126,Cancelled,36,9817330851,Metal/Steel
07BBBBB3260B1Z127,Active,23,9459548616,Metal/Steel
07BBBBB6434B1Z128,Active,20,9733891822,Metal/Steel
07BBBBB8904B1Z129,Active,39,9120606927,Metal/Steel
07BBBBB6509B1Z130,Active,16,9304105641,Metal/Steel
07BBBBB5368B1Z131,Cancelled,31,9176799494,Metal/Steel
07BBBBB3850B1Z132,Active,21,9948265198,Metal/Steel
07BBBBB8879B1Z133,Cancelled,27,9336087376,Metal/Steel
07BBBBB9068B1Z134,Active,19,9320463781,Metal/Steel
07BBBBB3283B1Z135,Cancelled,19,9840803560,Metal/Steel
07BBBBB4188B1Z136,Active,21,9815022934,Metal/Steel
07BBBBB5227B1Z137,Active,15,9793995490,Metal/Steel
07BBBBB1737B1Z138,Cancelled,22,9345789930,Metal/Steel
07BBBBB1842B1Z139,Active,25,9412713765,Metal/Steel
07BBBBB7629B1Z140,Active,34,9561544581,Metal/Steel
07BBBBB5554B1Z141,Active,31,9778261712,Metal/Steel
07BBBBB4393B1Z142,Active,37,9197950506,Metal/Steel
07BBBBB4396B1Z143,Active,26,9262320014,Metal/Steel
07BBBBB3816B1Z144,Active,22,9708084046,Metal/Steel
07BBBBB5942B1Z145,Active,26,9374223295,Metal/Steel
07BBBBB7210B1Z146,Active,24,9445381592,Metal/Steel
07BBBBB1299B1Z147,Active,30,9414055820,Metal/Steel
07BBBBB4773B1Z148,Active,40,9917528227,Metal/Steel
07BBBBB6062B1Z149,Active,21,9275184338,Metal/Steel
07BBBBB9349B1Z150,Active,32,9583340141,Metal/Steel
07BBBBB2309B1Z151,Cancelled,10,9370308215,Metal/Steel
07BBBBB2635B1Z152,Active,37,9557293457,Metal/Steel
07BBBBB9555B1Z153,Active,19,9400575950,Metal/Steel
07BBBBB6168B1Z154,Active,17,9588580738,Metal/Steel
07BBBBB2705B1Z155,Active,24,9856228777,Metal/Steel
07BBBBB2080B1Z156,Active,36,9731027926,Metal/Steel
07BBBBB1161B1Z157,Active,20,9296852997,Metal/Steel
07BBBBB8185B1Z158,Active,12,9709598253,Metal/Steel
07BBBBB7864B1Z159,Active,14,9799694655,Metal/Steel
07BBBBB6618B1Z160,Active,20,9402899905,Metal/Steel
07BBBBB1510B1Z161,Active,33,9553760686,Metal/Steel
07BBBBB7317B1Z162,Active,11,9809769535,Metal/Steel
07BBBBB8508B1Z163,Cancelled,13,9369285655,Metal/Steel
07BBBBB5879B1Z164,Cancelled,32,9404255243,Metal/Steel
07BBBBB7506B1Z165,Active,33,9637378054,Metal/Steel
07BBBBB4825B1Z166,Active,18,9903804269,Metal/Steel
07BBBBB5035B1Z167,Active,40,9616900375,Metal/Steel
07BBBBB5659B1Z168,Active,38,9722890107,Metal/Steel
07BBBBB8324B1Z169,Active,19,9700473685,Metal/Steel
07BBBBB5309B1Z170,Active,35,9313347093,Metal/Steel
07BBBBB4655B1Z171,Active,13,9736535889,Metal/Steel
07BBBBB5227B1Z172,Cancelled,23,9269490969,Metal/Steel
07BBBBB8045B1Z173,Cancelled,39,9214302110,Metal/Steel
07BBBBB6098B1Z174,Active,19,9339261809,Metal/Steel
07BBBBB8468B1Z175,Cancelled,35,9414836975,Metal/Steel
07BBBBB7758B1Z176,Active,20,9337653855,Metal/Steel
07BBBBB9419B1Z177,Active,11,9549569392,Metal/Steel
07BBBBB3332B1Z178,Cancelled,16,9443045632,Metal/Steel
07BBBBB6594B1Z179,Active,36,9446310688,Metal/Steel
07BBBBB6470B1Z180,Active,23,9620761111,Metal/Steel
07BBBBB2732B1Z181,Cancelled,31,9343276573,Metal/Steel
07BBBBB4391B1Z182,Active,39,9235868217,Metal/Steel
07BBBBB3034B1Z183,Active,28,9688278257,Metal/Steel
07BBBBB9977B1Z184,Active,35,9517454111,Metal/Steel
07BBBBB5798B1Z185,Active,27,9412219497,Metal/Steel
07BBBBB9096B1Z186,Active,40,9614813328,Metal/Steel
07BBBBB3466B1Z187,Cancelled,38,9856302649,Metal/Steel
07BBBBB4265B1Z188,Active,40,9537765525,Metal/Steel
07BBBBB2465B1Z189,Active,37,9153884979,Metal/Steel
07BBBBB7144B1Z190,Active,40,9884581577,Metal/Steel
07BBBBB6651B1Z191,Active,29,9430787223,Metal/Steel
07BBBBB4657B1Z192,Cancelled,37,9179829304,Metal/Steel
07BBBBB8784B1Z193,Active,35,9154908737,Metal/Steel
07BBBBB7949B1Z194,Cancelled,31,9865734264,Metal/Steel
07BBBBB5790B1Z195,Active,36,9763836111,Metal/Steel
07BBBBB3240B1Z196,Active,23,9291285321,Metal/Steel
07BBBBB3646B1Z197,Cancelled,12,9872451190,Metal/Steel
07BBBBB1734B1Z198,Cancelled,17,9720474035,Metal/Steel
07BBBBB3812B1Z199,Active,16,9282233106,Metal/Steel
07BBBBB5362B1Z200,Active,30,9854446820,Metal/Steel
07BBBBB5500B1Z201,Active,28,9534603212,Metal/Steel
07BBBBB1720B1Z202,Active,23,9438276695,Metal/Steel
07BBBBB2169B1Z203,Cancelled,12,9449499181,Metal/Steel
07BBBBB9720B1Z204,Cancelled,17,9742701423,Metal/Steel
07BBBBB3059B1Z205,Active,34,9222279606,Metal/Steel
07BBBBB8234B1Z206,Cancelled,38,9484578232,Metal/Steel
07BBBBB7821B1Z207,Active,18,9975993260,Metal/Steel
07BBBBB3900B1Z208,Active,31,9227064774,Metal/Steel
07BBBBB6879B1Z209,Active,24,9428054051,Metal/Steel
07BBBBB6279B1Z210,Active,34,9155719708,Metal/Steel
07BBBBB4256B1Z211,Active,11,9545173017,Metal/Steel
07BBBBB4090B1Z212,Active,20,9566152392,Metal/Steel
07BBBBB1628B1Z213,Cancelled,11,9171122595,Metal/Steel
07BBBBB9690B1Z214,Active,12,9581780456,Metal/Steel
07BBBBB7503B1Z215,Active,28,9978458018,Metal/Steel
07BBBBB7054B1Z216,Active,10,9940966133,Metal/Steel
07BBBBB2036B1Z217,Active,14,9988530616,Metal/Steel
07BBBBB5287B1Z218,Active,37,9475196006,Metal/Steel
07BBBBB6542B1Z219,Active,30,9304680918,Metal/Steel
07BBBBB5892B1Z220,Active,36,9259316599,Metal/Steel
07BBBBB3340B1Z221,Active,10,9118780245,Metal/Steel
07BBBBB4324B1Z222,Cancelled,37,9458038861,Metal/Steel
07BBBBB5365B1Z223,Active,17,9772404875,Metal/Steel
07BBBBB6881B1Z224,Active,22,9351666458,Metal/Steel
07BBBBB2529B1Z225,Active,26,9183009812,Metal/Steel
07BBBBB1466B1Z226,Active,11,9658680462,Metal/Steel
07BBBBB3095B1Z227,Cancelled,32,9773697747,Metal/Steel
07BBBBB9701B1Z228,Active,11,9674999677,Metal/Steel
07BBBBB4826B1Z229,Active,19,9201399518,Metal/Steel
07BBBBB5865B1Z230,Active,23,9785835530,Metal/Steel
07BBBBB6840B1Z231,Active,40,9556127628,Metal/Steel
07BBBBB7014B1Z232,Active,12,9461821432,Metal/Steel
07BBBBB6646B1Z233,Cancelled,28,9109687014,Metal/Steel
07BBBBB5385B1Z234,Active,26,9740437978,Metal/Steel
07BBBBB2259B1Z235,Active,30,9220915525,Metal/Steel
07BBBBB2980B1Z236,Active,17,9610504143,Metal/Steel
07BBBBB8570B1Z237,Cancelled,20,9475786174,Metal/Steel
07BBBBB8991B1Z238,Active,22,9217635827,Metal/Steel
07BBBBB5838B1Z239,Active,14,9301412674,Metal/Steel
07BBBBB3076B1Z240,Active,17,9184011996,Metal/Steel
07BBBBB7063B1Z241,Active,15,9190962657,Metal/Steel
07BBBBB9317B1Z242,Active,39,9331881164,Metal/Steel
07BBBBB7979B1Z243,Active,14,9461173700,Metal/Steel
07BBBBB7305B1Z244,Active,40,9233786198,Metal/Steel
07BBBBB5128B1Z245,Cancelled,30,9240649796,Metal/Steel
07BBBBB2829B1Z246,Active,16,9619730831,Metal/Steel
07BBBBB1727B1Z247,Active,25,9954343662,Metal/Steel
07BBBBB1145B1Z248,Active,27,9386010222,Metal/Steel
07BBBBB9094B1Z249,Active,29,9522914421,Metal/Steel
07BBBBB2526B1Z250,Active,22,9930515809,Metal/Steel
07BBBBB9658B1Z251,Active,32,9424477725,Metal/Steel
07BBBBB3189B1Z252,Active,30,9843813448,Metal/Steel
07BBBBB9438B1Z253,Active,24,9249428947,Metal/Steel
07BBBBB4916B1Z254,Cancelled,22,9835166516,Metal/Steel
07BBBBB1722B1Z255,Active,16,9155353570,Metal/Steel
07BBBBB8056B1Z256,Active,13,9643092715,Metal/Steel
07BBBBB4823B1Z257,Active,13,9375365344,Metal/Steel
07BBBBB1792B1Z258,Cancelled,27,9359775203,Metal/Steel
07BBBBB4692B1Z259,Active,13,9800990164,Metal/Steel
07BBBBB2083B1Z260,Active,31,9168972468,Metal/Steel
07BBBBB4325B1Z261,Active,32,9963410640,Metal/Steel
07BBBBB2227B1Z262,Cancelled,29,9828420555,Metal/Steel
07BBBBB7925B1Z263,Active,37,9824767819,Metal/Steel
07BBBBB4283B1Z264,Active,24,9653738116,Metal/Steel
07BBBBB1159B1Z265,Active,40,9380085442,Metal/Steel
07BBBBB3871B1Z266,Active,25,9636790047,Metal/Steel
07BBBBB9495B1Z267,Cancelled,11,9224234458,Metal/Steel
07BBBBB2723B1Z268,Cancelled,22,9767892394,Metal/Steel
07BBBBB6442B1Z269,Active,14,9697385577,Metal/Steel
07BBBBB2722B1Z270,Active,34,9897400904,Metal/Steel
07BBBBB9506B1Z271,Active,12,9714576309,Metal/Steel
07BBBBB1795B1Z272,Active,37,9779492865,Metal/Steel
07BBBBB8955B1Z273,Active,15,9605491371,Metal/Steel
07BBBBB2123B1Z274,Active,11,9785709063,Metal/Steel
07BBBBB1681B1Z275,Active,16,9720015246,Metal/Steel
07BBBBB8489B1Z276,Active,20,9323847259,Metal/Steel
07BBBBB4424B1Z277,Active,26,9930694517,Metal/Steel
07BBBBB7149B1Z278,Cancelled,11,9274520442,Metal/Steel
07BBBBB8713B1Z279,Cancelled,27,9442138746,Metal/Steel
07BBBBB3150B1Z280,Cancelled,22,9537878540,Metal/Steel
07BBBBB3698B1Z281,Cancelled,36,9236608657,Metal/Steel
07BBBBB1713B1Z282,Active,14,9110407819,Metal/Steel
07BBBBB1288B1Z283,Active,25,9937483431,Metal/Steel
07BBBBB2316B1Z284,Active,18,9892993413,Metal/Steel
07BBBBB5545B1Z285,Active,34,9290751932,Metal/Steel
07BBBBB9740B1Z286,Active,31,9996329613,Metal/Steel
07BBBBB8823B1Z287,Cancelled,21,9786399006,Metal/Steel
07BBBBB6536B1Z288,Cancelled,17,9182652730,Metal/Steel
07BBBBB2159B1Z289,Active,40,9484833787,Metal/Steel
07BBBBB8430B1Z290,Cancelled,14,9958545683,Metal/Steel
07BBBBB8631B1Z291,Active,20,9318704082,Metal/Steel
07BBBBB4325B1Z292,Active,30,9989009315,Metal/Steel
07BBBBB7201B1Z293,Active,23,9907741144,Metal/Steel
07BBBBB8250B1Z294,Active,26,9987409653,Metal/Steel
07BBBBB1183B1Z295,Cancelled,34,9265406217,Metal/Steel
07BBBBB6301B1Z296,Active,14,9384182040,Metal/Steel
07BBBBB8173B1Z297,Cancelled,11,9562854299,Metal/Steel
07BBBBB3013B1Z298,Active,12,9914173062,Metal/Steel
07BBBBB8084B1Z299,Cancelled,40,9246728693,Metal/Steel
07BBBBB8798B1Z300,Active,31,9999268165,Metal/Steel
07BBBBB7862B1Z301,Active,21,9517494958,Metal/Steel
07BBBBB7103B1Z302,Active,12,9588820027,Metal/Steel
07BBBBB4639B1Z303,Active,33,9928410758,Metal/Steel
07BBBBB4845B1Z304,Active,20,9332860500,Metal/Steel
07BBBBB2673B1Z305,Cancelled,16,9853577882,Metal/Steel
07BBBBB7116B1Z306,Active,27,9788064058,Metal/Steel
07BBBBB7238B1Z307,Active,13,9878289133,Metal/Steel
07BBBBB6638B1Z308,Active,24,9150228682,Metal/Steel
07BBBBB6350B1Z309,Cancelled,23,9943872368,Metal/Steel
07BBBBB1067B1Z310,Active,40,9721664045,Metal/Steel
07BBBBB3164B1Z311,Cancelled,27,9617186623,Metal/Steel
07BBBBB3020B1Z312,Active,20,9688811134,Metal/Steel
07BBBBB9602B1Z313,Active,36,9529358601,Metal/Steel
07BBBBB6391B1Z314,Active,24,9632345768,Metal/Steel
07BBBBB7685B1Z315,Active,34,9637111099,Metal/Steel
07BBBBB2605B1Z316,Active,28,9502527981,Metal/Steel
07BBBBB4336B1Z317,Active,17,9290993979,Metal/Steel
07BBBBB4633B1Z318,Cancelled,29,9334273187,Metal/Steel
07BBBBB1318B1Z319,Active,27,9925670328,Metal/Steel
07BBBBB8200B1Z320,Active,22,9139353330,Metal/Steel
07BBBBB5795B1Z321,Active,21,9897942640,Metal/Steel
07BBBBB6853B1Z322,Cancelled,24,9655505157,Metal/Steel
07BBBBB6112B1Z323,Cancelled,20,9252140713,Metal/Steel
07BBBBB7606B1Z324,Active,31,9181002285,Metal/Steel
07BBBBB4086B1Z325,Active,26,9615194295,Metal/Steel
07BBBBB8584B1Z326,Active,37,9603753817,Metal/Steel
07BBBBB2651B1Z327,Active,20,9860144087,Metal/Steel
07BBBBB2017B1Z328,Active,15,9382779676,Metal/Steel
07BBBBB9078B1Z329,Cancelled,36,9285902764,Metal/Steel
07BBBBB5594B1Z330,Active,15,9271217576,Metal/Steel
07BBBBB2029B1Z331,Cancelled,10,9929416290,Metal/Steel
07BBBBB5569B1Z332,Active,30,9623015474,Metal/Steel
07BBBBB9452B1Z333,Active,13,9259376841,Metal/Steel
07BBBBB8156B1Z334,Active,10,9347789701,Metal/Steel
07BBBBB2628B1Z335,Active,20,9800026758,Metal/Steel
07BBBBB8243B1Z336,Active,10,9408480872,Metal/Steel
07BBBBB3150B1Z337,Active,13,9352929809,Metal/Steel
07BBBBB5531B1Z338,Active,39,9460990516,Metal/Steel
07BBBBB6218B1Z339,Cancelled,15,9814776145,Metal/Steel
07BBBBB7325B1Z340,Active,23,9372708397,Metal/Steel
07BBBBB6096B1Z341,Active,35,9835497668,Metal/Steel
07BBBBB8684B1Z342,Active,32,9956090819,Metal/Steel
07BBBBB2797B1Z343,Active,40,9466687850,Metal/Steel
07BBBBB1039B1Z344,Active,34,9666715060,Metal/Steel
07BBBBB2450B1Z345,Active,24,9807563971,Metal/Steel
07BBBBB5082B1Z346,Active,10,9392931850,Metal/Steel
07BBBBB3812B1Z347,Active,34,9202319848,Metal/Steel
07BBBBB3762B1Z348,Active,15,9951096337,Metal/Steel
07BBBBB9855B1Z349,Active,15,9832983713,Metal/Steel
07BBBBB2233B1Z350,Active,35,9733693482,Metal/Steel
07BBBBB8545B1Z351,Cancelled,38,9575092793,Metal/Steel
07BBBBB2812B1Z352,Active,29,9368487219,Metal/Steel
07BBBBB5970B1Z353,Active,16,9104605426,Metal/Steel
07BBBBB2942B1Z354,Cancelled,24,9758521819,Metal/Steel
07BBBBB9206B1Z355,Active,11,9565221501,Metal/Steel
07BBBBB8022B1Z356,Active,19,9153895608,Metal/Steel
07BBBBB8224B1Z357,Active,23,9221241151,Metal/Steel
07BBBBB5812B1Z358,Active,27,9960021538,Metal/Steel
07BBBBB9416B1Z359,Active,32,9252193243,Metal/Steel
07BBBBB5933B1Z360,Active,29,9456118950,Metal/Steel
07BBBBB9330B1Z361,Active,20,9279877721,Metal/Steel
07BBBBB9122B1Z362,Active,18,9498170485,Metal/Steel
07BBBBB1969B1Z363,Active,12,9184500269,Metal/Steel
07BBBBB2004B1Z364,Active,37,9368996212,Metal/Steel
07BBBBB9958B1Z365,Active,24,9122596364,Metal/Steel
07BBBBB2942B1Z366,Cancelled,33,9549181748,Metal/Steel
07BBBBB8125B1Z367,Cancelled,33,9120425713,Metal/Steel
07BBBBB2380B1Z368,Active,21,9429723043,Metal/Steel
07BBBBB6341B1Z369,Active,29,9896412652,Metal/Steel
07BBBBB5633B1Z370,Active,38,9514131868,Metal/Steel
07BBBBB3492B1Z371,Active,37,9153313195,Metal/Steel
07BBBBB6851B1Z372,Cancelled,20,9194449204,Metal/Steel
07BBBBB2688B1Z373,Active,23,9639089500,Metal/Steel
07BBBBB9703B1Z374,Cancelled,11,9685354073,Metal/Steel
07BBBBB9128B1Z375,Active,16,9535475681,Metal/Steel
07BBBBB6677B1Z376,Active,19,9761092649,Metal/Steel
07BBBBB2050B1Z377,Active,12,9796417950,Metal/Steel
07BBBBB6087B1Z378,Active,15,9338857109,Metal/Steel
07BBBBB1355B1Z379,Active,19,9694943065,Metal/Steel
07BBBBB8917B1Z380,Active,28,9477675001,Metal/Steel
07BBBBB5012B1Z381,Cancelled,30,9210501741,Metal/Steel
07BBBBB5908B1Z382,Active,33,9952809010,Metal/Steel
07BBBBB7595B1Z383,Active,21,9337676544,Metal/Steel
07BBBBB1303B1Z384,Active,40,9493622562,Metal/Steel
07BBBBB3037B1Z385,Cancelled,12,9481157025,Metal/Steel
07BBBBB1400B1Z386,Active,37,9263645186,Metal/Steel
07BBBBB6886B1Z387,Active,12,9217528898,Metal/Steel
07BBBBB1881B1Z388,Active,24,9163378840,Metal/Steel
07BBBBB5682B1Z389,Active,21,9273534594,Metal/Steel
07BBBBB5954B1Z390,Cancelled,24,9477374987,Metal/Steel
07BBBBB5425B1Z391,Active,23,9612075350,Metal/Steel
07BBBBB3708B1Z392,Active,15,9130701370,Metal/Steel
07BBBBB6431B1Z393,Active,24,9948428881,Metal/Steel
07BBBBB6129B1Z394,Cancelled,23,9237825583,Metal/Steel
07BBBBB7075B1Z395,Active,10,9753880629,Metal/Steel
07BBBBB9968B1Z396,Active,15,9296128785,Metal/Steel
07BBBBB2551B1Z397,Active,35,9289187425,Metal/Steel
07BBBBB2831B1Z398,Active,19,9942301519,Metal/Steel
07BBBBB7446B1Z399,Active,13,9381920419,Metal/Steel
07BBBBB7801B1Z400,Active,38,9868636504,Metal/Steel
07BBBBB7026B1Z401,Active,13,9924573122,Metal/Steel
07BBBBB1019B1Z402,Active,13,9352841000,Metal/Steel
07BBBBB4251B1Z403,Active,20,9509533853,Metal/Steel
07BBBBB5650B1Z404,Cancelled,14,9256811796,Metal/Steel
07BBBBB6919B1Z405,Active,27,9492344456,Metal/Steel
07BBBBB9268B1Z406,Cancelled,26,9328650976,Metal/Steel
07BBBBB8883B1Z407,Active,25,9174656128,Metal/Steel
07BBBBB9296B1Z408,Active,17,9562354668,Metal/Steel
07BBBBB4924B1Z409,Active,34,9829220114,Metal/Steel
07BBBBB5245B1Z410,Active,10,9447978016,Metal/Steel
07BBBBB8656B1Z411,Active,31,9987503031,Metal/Steel
07BBBBB6649B1Z412,Active,37,9743173483,Metal/Steel
07BBBBB7084B1Z413,Active,40,9154909462,Metal/Steel
07BBBBB5857B1Z414,Active,33,9286071637,Metal/Steel
07BBBBB3363B1Z415,Cancelled,15,9572344479,Metal/Steel
07BBBBB8019B1Z416,Active,21,9771378210,Metal/Steel
07BBBBB4813B1Z417,Active,22,9540065204,Metal/Steel
07BBBBB9760B1Z418,Active,36,9561111737,Metal/Steel
07BBBBB1374B1Z419,Active,16,9983187799,Metal/Steel
07BBBBB4234B1Z420,Active,32,9211771378,Metal/Steel
07BBBBB7514B1Z421,Active,22,9510501879,Metal/Steel
07BBBBB6284B1Z422,Cancelled,33,9603254054,Metal/Steel
07BBBBB1083B1Z423,Active,31,9293027033,Metal/Steel
07BBBBB3562B1Z424,Active,16,9635638630,Metal/Steel
07BBBBB5207B1Z425,Active,29,9642245000,Metal/Steel
07BBBBB9864B1Z426,Active,38,9726623436,Metal/Steel
07BBBBB3122B1Z427,Active,32,9206839474,Metal/Steel
07BBBBB2978B1Z428,Active,16,9291245361,Metal/Steel
07BBBBB7728B1Z429,Active,35,9341514697,Metal/Steel
07BBBBB5711B1Z430,Active,22,9547423572,Metal/Steel
07BBBBB8691B1Z431,Active,38,9307674783,Metal/Steel
07BBBBB7985B1Z432,Active,14,9819139206,Metal/Steel
07BBBBB4912B1Z433,Cancelled,39,9584842220,Metal/Steel
07BBBBB8103B1Z434,Active,27,9154790395,Metal/Steel
07BBBBB9536B1Z435,Active,24,9162528672,Metal/Steel
07BBBBB9688B1Z436,Active,37,9890222366,Metal/Steel
07BBBBB8471B1Z437,Active,20,9985080754,Metal/Steel
07BBBBB4388B1Z438,Cancelled,21,9998715896,Metal/Steel
07BBBBB9963B1Z439,Active,23,9863386337,Metal/Steel
07BBBBB9254B1Z440,Cancelled,14,9894335444,Metal/Steel
07BBBBB1268B1Z441,Active,18,9383790356,Metal/Steel
07BBBBB8784B1Z442,Active,28,9229424991,Metal/Steel
07BBBBB5190B1Z443,Cancelled,16,9304718013,Metal/Steel
07BBBBB1141B1Z444,Active,24,9648536479,Metal/Steel
07BBBBB8777B1Z445,Active,23,9676844544,Metal/Steel
07BBBBB4803B1Z446,Active,19,9745424237,Metal/Steel
07BBBBB8966B1Z447,Cancelled,17,9662093361,Metal/Steel
07BBBBB1009B1Z448,Active,13,9820632838,Metal/Steel
07BBBBB1498B1Z449,Active,37,9425687280,Metal/Steel
07BBBBB4424B1Z450,Active,15,9309325134,Metal/Steel
07BBBBB5535B1Z451,Active,10,9934594504,Metal/Steel
07BBBBB2827B1Z452,Active,40,9100363618,Metal/Steel
07BBBBB8011B1Z453,Cancelled,20,9349098177,Metal/Steel
07BBBBB3158B1Z454,Cancelled,37,9553454859,Metal/Steel
07BBBBB6250B1Z455,Active,11,9479631337,Metal/Steel
07BBBBB7057B1Z456,Active,17,9173727021,Metal/Steel
07BBBBB2980B1Z457,Active,31,9943774093,Metal/Steel
07BBBBB3025B1Z458,Active,38,9314521658,Metal/Steel
07BBBBB2928B1Z459,Active,30,9341760553,Metal/Steel
07BBBBB5095B1Z460,Cancelled,39,9798125477,Metal/Steel
07BBBBB5092B1Z461,Active,13,9476462527,Metal/Steel
07BBBBB3016B1Z462,Active,39,9647628651,Metal/Steel
07BBBBB2367B1Z463,Cancelled,40,9205916198,Metal/Steel
07BBBBB1309B1Z464,Cancelled,35,9509352622,Metal/Steel
07BBBBB3766B1Z465,Active,16,9793040206,Metal/Steel
07BBBBB9613B1Z466,Active,11,9980090776,Metal/Steel
07BBBBB2877B1Z467,Active,18,9309588942,Metal/Steel
07BBBBB7927B1Z468,Active,22,9498576078,Metal/Steel
07BBBBB5662B1Z469,Active,34,9168524677,Metal/Steel
07BBBBB6405B1Z470,Active,13,9367226820,Metal/Steel
07BBBBB8654B1Z471,Active,17,9667753671,Metal/Steel
07BBBBB7024B1Z472,Active,13,9812107242,Metal/Steel
07BBBBB8854B1Z473,Active,17,9395970290,Metal/Steel
07BBBBB1105B1Z474,Active,22,9534257035,Metal/Steel
07BBBBB5752B1Z475,Active,29,9126630879,Metal/Steel
07BBBBB4299B1Z476,Active,16,9287475903,Metal/Steel
07BBBBB5525B1Z477,Cancelled,24,9719185101,Metal/Steel
07BBBBB7057B1Z478,Active,36,9976000663,Metal/Steel
07BBBBB9335B1Z479,Active,10,9100795931,Metal/Steel
07BBBBB3631B1Z480,Active,31,9758258797,Metal/Steel
07BBBBB7776B1Z481,Active,27,9780097660,Metal/Steel
07BBBBB9351B1Z482,Cancelled,29,9113630945,Metal/Steel
07BBBBB1959B1Z483,Active,21,9125393822,Metal/Steel
07BBBBB3565B1Z484,Cancelled,30,9637705351,Metal/Steel
07BBBBB4697B1Z485,Active,27,9575821522,Metal/Steel
07BBBBB6030B1Z486,Active,11,9244748089,Metal/Steel
07BBBBB8689B1Z487,Active,12,9336299169,Metal/Steel
07BBBBB5182B1Z488,Active,31,9137370139,Metal/Steel
07BBBBB9395B1Z489,Active,15,9967081168,Metal/Steel
07BBBBB9739B1Z490,Cancelled,34,9378704501,Metal/Steel
07BBBBB4896B1Z491,Active,27,9960589396,Metal/Steel
07BBBBB5575B1Z492,Active,18,9745453989,Metal/Steel
07BBBBB7487B1Z493,Active,35,9976549828,Metal/Steel
07BBBBB7283B1Z494,Cancelled,16,9449473816,Metal/Steel
07BBBBB4561B1Z495,Active,15,9791092280,Metal/Steel
07BBBBB7941B1Z496,Cancelled,31,9252848312,Metal/Steel
07BBBBB5482B1Z497,Cancelled,36,9531115812,Metal/Steel
07BBBBB1539B1Z498,Active,27,9254276965,Metal/Steel
07BBBBB2404B1Z499,Cancelled,39,9440683103,Metal/Steel
11ABCDE3573F1Z0,Active,99,9528605348,General
33ABCDE6274F1Z1,Active,93,9893793821,General
18ABCDE1814F1Z2,Active,93,9559610552,General
22ABCDE6648F1Z3,Active,80,9540423317,General
14ABCDE8703F1Z4,Active,91,9503460783,General
20ABCDE8432F1Z5,Active,80,9674762088,General
27ABCDE2814F1Z6,Active,87,9235500601,General
25ABCDE1216F1Z7,Active,82,9839318224,General
32ABCDE7693F1Z8,Active,77,9286994172,General
35ABCDE9331F1Z9,Active,82,9689520776,General
26ABCDE7298F1Z10,Active,94,9114616572,General
16ABCDE2783F1Z11,Active,80,9518500154,General
12ABCDE9263F1Z12,Active,74,9518498195,General
18ABCDE3334F1Z13,Active,74,9642440095,General
26ABCDE1891F1Z14,Active,100,9670611486,General
30ABCDE7513F1Z15,Active,90,9397374014,General
24ABCDE5728F1Z16,Active,84,9655959170,General
30ABCDE6530F1Z17,Active,83,9522500332,General
35ABCDE4671F1Z18,Active,99,9180497220,General
17ABCDE6687F1Z19,Active,79,9371160641,General
31ABCDE8067F1Z20,Active,81,9284887158,General
26ABCDE4287F1Z21,Active,85,9464878550,General
36ABCDE7412F1Z22,Active,77,9325313934,General
23ABCDE9697F1Z23,Active,100,9418227881,General
35ABCDE6794F1Z24,Active,80,9159814888,General
11ABCDE5920F1Z25,Active,93,9767557483,General
25ABCDE8939F1Z26,Active,77,9647040379,General
13ABCDE3199F1Z27,Active,82,9201306658,General
31ABCDE4676F1Z28,Active,75,9581962484,General
12ABCDE2824F1Z29,Active,84,9280980483,General
29ABCDE7299F1Z30,Active,78,9200830564,General
29ABCDE3989F1Z31,Active,98,9314547048,General
31ABCDE7167F1Z32,Active,79,9961588128,General
33ABCDE3742F1Z33,Active,96,9675587479,General
20ABCDE9440F1Z34,Active,82,9274230587,General
12ABCDE5551F1Z35,Active,73,9107017909,General
13ABCDE1278F1Z36,Active,90,9157602582,General
29ABCDE1885F1Z37,Active,92,9843071970,General
35ABCDE5420F1Z38,Active,80,9226167430,General
33ABCDE6704F1Z39,Active,87,9587104474,General
16ABCDE8074F1Z40,Active,78,9916400522,General
15ABCDE2773F1Z41,Active,87,9721983334,General
19ABCDE2700F1Z42,Active,93,9104977685,General
14ABCDE4898F1Z43,Active,81,9818454525,General
27ABCDE6878F1Z44,Active,92,9210996086,General
21ABCDE9896F1Z45,Active,70,9105000004,General
11ABCDE9399F1Z46,Active,86,9314377182,General
27ABCDE6371F1Z47,Active,95,9546383091,General
18ABCDE9015F1Z48,Active,75,9361593135,General
33ABCDE2626F1Z49,Active,83,9970901789,General
31ABCDE8165F1Z50,Active,78,9360647558,General
36ABCDE4759F1Z51,Active,79,9648874762,General
22ABCDE2214F1Z52,Active,93,9894117216,General
36ABCDE5218F1Z53,Active,82,9929723498,General
20ABCDE6812F1Z54,Active,94,9610189674,General
27ABCDE6962F1Z55,Active,90,9320160111,General
14ABCDE1190F1Z56,Active,73,9959819187,General
23ABCDE4037F1Z57,Active,77,9929976274,General
17ABCDE9303F1Z58,Active,85,9486102895,General
36ABCDE1234F1Z59,Active,89,9740946911,General
18ABCDE5376F1Z60,Active,93,9829231631,General
12ABCDE4680F1Z61,Active,95,9116634702,General
34ABCDE3914F1Z62,Active,84,9523405231,General
13ABCDE3488F1Z63,Active,99,9808542133,General
17ABCDE3922F1Z64,Active,70,9727672787,General
14ABCDE6695F1Z65,Active,81,9915930124,General
36ABCDE6093F1Z66,Active,87,9359498972,General
32ABCDE6645F1Z67,Active,96,9753835081,General
21ABCDE3359F1Z68,Active,99,9880781164,General
23ABCDE2626F1Z69,Active,98,9667550911,General
34ABCDE2511F1Z70,Active,94,9565043464,General
32ABCDE3766F1Z71,Active,91,9123265037,General
20ABCDE8471F1Z72,Active,89,9510606941,General
10ABCDE9125F1Z73,Active,81,9419090205,General
34ABCDE3157F1Z74,Active,76,9708274768,General
26ABCDE2194F1Z75,Active,75,9868314880,General
19ABCDE2941F1Z76,Active,93,9797730538,General
11ABCDE8464F1Z77,Active,77,9220180891,General
22ABCDE5255F1Z78,Active,84,9198512270,General
11ABCDE6917F1Z79,Active,79,9555302414,General
13ABCDE3078F1Z80,Active,75,9532238840,General
26ABCDE7636F1Z81,Active,72,9889368382,General
13ABCDE5149F1Z82,Active,72,9604350718,General
26ABCDE3416F1Z83,Active,81,9255516098,General
16ABCDE6638F1Z84,Active,86,9483703959,General
20ABCDE4637F1Z85,Active,71,9182273010,General
30ABCDE1490F1Z86,Active,83,9476577968,General
30ABCDE6657F1Z87,Active,94,9942708799,General
36ABCDE4854F1Z88,Active,90,9880905285,General
28ABCDE3655F1Z89,Active,81,9937305086,General
33ABCDE9723F1Z90,Active,86,9894627565,General
26ABCDE1293F1Z91,Active,74,9897597956,General
19ABCDE6745F1Z92,Active,75,9960181837,General
21ABCDE1674F1Z93,Active,95,9231256824,General
24ABCDE8176F1Z94,Active,89,9997972529,General
26ABCDE7520F1Z95,Active,81,9912748018,General
13ABCDE7985F1Z96,Active,85,9451301915,General
25ABCDE6399F1Z97,Active,84,9687106021,General
29ABCDE9213F1Z98,Active,83,9973345187,General
33ABCDE9918F1Z99,Active,95,9177358575,General
13ABCDE3134F1Z100,Active,92,9962557173,General
29ABCDE9893F1Z101,Active,89,9201809304,General
29ABCDE2802F1Z102,Active,87,9145807548,General
20ABCDE9023F1Z103,Active,87,9283233149,General
24ABCDE3017F1Z104,Active,78,9822410815,General
11ABCDE7117F1Z105,Active,72,9744349341,General
29ABCDE3890F1Z106,Active,89,9916319784,General
28ABCDE9620F1Z107,Active,73,9593608518,General
17ABCDE9252F1Z108,Active,88,9399420471,General
31ABCDE2200F1Z109,Active,70,9818415321,General
14ABCDE2903F1Z110,Active,97,9455980842,General
23ABCDE5782F1Z111,Active,81,9569109586,General
16ABCDE8946F1Z112,Active,77,9656835978,General
21ABCDE4573F1Z113,Active,78,9546575498,General
33ABCDE9745F1Z114,Active,80,9453791151,General
21ABCDE1194F1Z115,Active,90,9146745676,General
15ABCDE8579F1Z116,Active,83,9788826165,General
27ABCDE8491F1Z117,Active,78,9883644716,General
12ABCDE2905F1Z118,Active,93,9543589648,General
32ABCDE2670F1Z119,Active,82,9635973161,General
19ABCDE1403F1Z120,Active,85,9553562358,General
12ABCDE4058F1Z121,Active,88,9530981480,General
14ABCDE8617F1Z122,Active,93,9814643427,General
36ABCDE7264F1Z123,Active,70,9200801108,General
32ABCDE9754F1Z124,Active,100,9669925313,General
14ABCDE5100F1Z125,Active,72,9642393978,General
14ABCDE5687F1Z126,Active,93,9888485078,General
14ABCDE7330F1Z127,Active,83,9604437811,General
16ABCDE1693F1Z128,Active,99,9707725409,General
35ABCDE3302F1Z129,Active,84,9408137356,General
30ABCDE4266F1Z130,Active,92,9302100754,General
31ABCDE6748F1Z131,Active,96,9861460080,General
15ABCDE1809F1Z132,Active,100,9136684037,General
12ABCDE5973F1Z133,Active,74,9201256440,General
18ABCDE2635F1Z134,Active,79,9420831550,General
19ABCDE2000F1Z135,Active,91,9582319461,General
34ABCDE4453F1Z136,Active,77,9906455036,General
27ABCDE3147F1Z137,Active,99,9422738056,General
15ABCDE5656F1Z138,Active,84,9630204243,General
19ABCDE6787F1Z139,Active,82,9430194130,General
24ABCDE9252F1Z140,Active,77,9790304336,General
31ABCDE4288F1Z141,Active,91,9991469000,General
11ABCDE6992F1Z142,Active,71,9135078530,General
19ABCDE7173F1Z143,Active,84,9139516159,General
28ABCDE2360F1Z144,Active,74,9188416934,General
32ABCDE4452F1Z145,Active,80,9155080304,General
32ABCDE5551F1Z146,Active,98,9280893776,General
20ABCDE8920F1Z147,Active,71,9944102083,General
32ABCDE1904F1Z148,Active,70,9684771300,General
23ABCDE4296F1Z149,Active,78,9860490779,General
10ABCDE6651F1Z150,Active,83,9318857426,General
16ABCDE3580F1Z151,Active,85,9968436884,General
23ABCDE6292F1Z152,Active,89,9487243586,General
24ABCDE1154F1Z153,Active,86,9358582276,General
36ABCDE7762F1Z154,Active,99,9640557709,General
21ABCDE7622F1Z155,Active,100,9659315158,General
16ABCDE8549F1Z156,Active,80,9795764921,General
18ABCDE6106F1Z157,Active,71,9344794070,General
13ABCDE8211F1Z158,Active,93,9319347673,General
25ABCDE5512F1Z159,Active,80,9597984012,General
33ABCDE5889F1Z160,Active,90,9200324388,General
13ABCDE8839F1Z161,Active,94,9156806714,General
10ABCDE6950F1Z162,Active,85,9550663174,General
26ABCDE5131F1Z163,Active,87,9666271208,General
25ABCDE6753F1Z164,Active,98,9499805437,General
21ABCDE5946F1Z165,Active,77,9164091742,General
25ABCDE7411F1Z166,Active,77,9399780311,General
23ABCDE1490F1Z167,Active,77,9369644445,General
13ABCDE6098F1Z168,Active,94,9922450242,General
35ABCDE8847F1Z169,Active,94,9481580250,General
24ABCDE4801F1Z170,Active,85,9298552187,General
20ABCDE4438F1Z171,Active,92,9641306912,General
24ABCDE2254F1Z172,Active,82,9891818744,General
36ABCDE1422F1Z173,Active,85,9923778225,General
15ABCDE6150F1Z174,Active,71,9926204738,General
34ABCDE4644F1Z175,Active,76,9962277750,General
13ABCDE5696F1Z176,Active,96,9305406613,General
14ABCDE5687F1Z177,Active,89,9803877589,General
17ABCDE3400F1Z178,Active,92,9594871749,General
26ABCDE1845F1Z179,Active,89,9707315352,General
32ABCDE6645F1Z180,Active,93,9319684735,General
35ABCDE3063F1Z181,Active,96,9674472869,General
13ABCDE3042F1Z182,Active,100,9320119867,General
33ABCDE5021F1Z183,Active,80,9525052792,General
33ABCDE8614F1Z184,Active,73,9579291496,General
18ABCDE6417F1Z185,Active,86,9165190050,General
20ABCDE4145F1Z186,Active,81,9320142373,General
14ABCDE1625F1Z187,Active,95,9875871485,General
20ABCDE8514F1Z188,Active,95,9159462120,General
29ABCDE2754F1Z189,Active,76,9694564907,General
12ABCDE4679F1Z190,Active,74,9560836312,General
28ABCDE4249F1Z191,Active,72,9714233523,General
14ABCDE1347F1Z192,Active,86,9796840602,General
19ABCDE3312F1Z193,Active,93,9146224670,General
28ABCDE3893F1Z194,Active,73,9927495625,General
15ABCDE5767F1Z195,Active,71,9781993106,General
10ABCDE6453F1Z196,Active,76,9686954188,General
35ABCDE6394F1Z197,Active,90,9647996360,General
22ABCDE3575F1Z198,Active,99,9630652139,General
30ABCDE4958F1Z199,Active,70,9270800595,General
13ABCDE2745F1Z200,Active,77,9697222920,General
11ABCDE4435F1Z201,Active,90,9194136749,General
32ABCDE5215F1Z202,Active,76,9519359502,General
26ABCDE9345F1Z203,Active,98,9887136979,General
23ABCDE7239F1Z204,Active,96,9875287366,General
14ABCDE2119F1Z205,Active,98,9717716139,General
11ABCDE5000F1Z206,Active,90,9336931915,General
19ABCDE1195F1Z207,Active,80,9693814440,General
22ABCDE3943F1Z208,Active,79,9825063241,General
36ABCDE6769F1Z209,Active,88,9700677353,General
31ABCDE6714F1Z210,Active,70,9313943462,General
20ABCDE8817F1Z211,Active,97,9825082670,General
10ABCDE6103F1Z212,Active,70,9733825107,General
24ABCDE9901F1Z213,Active,94,9989023131,General
20ABCDE3243F1Z214,Active,97,9902040277,General
14ABCDE5091F1Z215,Active,82,9637085165,General
36ABCDE8262F1Z216,Active,95,9883162747,General
18ABCDE7285F1Z217,Active,99,9657064846,General
20ABCDE8643F1Z218,Active,100,9911136089,General
25ABCDE7716F1Z219,Active,76,9159749637,General
30ABCDE4720F1Z220,Active,82,9389313244,General
36ABCDE2747F1Z221,Active,80,9684821191,General
34ABCDE6082F1Z222,Active,98,9169457085,General
28ABCDE2013F1Z223,Active,91,9554475538,General
29ABCDE7543F1Z224,Active,90,9420760370,General
25ABCDE7090F1Z225,Active,95,9790479498,General
21ABCDE3051F1Z226,Active,84,9892337312,General
18ABCDE5246F1Z227,Active,97,9339399795,General
23ABCDE2439F1Z228,Active,76,9991105305,General
29ABCDE9226F1Z229,Active,78,9256033103,General
17ABCDE6855F1Z230,Active,99,9480173277,General
11ABCDE9526F1Z231,Active,73,9261651454,General
24ABCDE7881F1Z232,Active,99,9712970951,General
12ABCDE1403F1Z233,Active,92,9624556410,General
30ABCDE1637F1Z234,Active,80,9298351272,General
15ABCDE2702F1Z235,Active,91,9231714227,General
27ABCDE1740F1Z236,Active,91,9139357480,General
33ABCDE4255F1Z237,Active,87,9740163877,General
23ABCDE8791F1Z238,Active,83,9590257650,General
18ABCDE2440F1Z239,Active,98,9306013235,General
19ABCDE3423F1Z240,Active,77,9748246149,General
33ABCDE5912F1Z241,Active,84,9863253824,General
28ABCDE7687F1Z242,Active,77,9847990849,General
16ABCDE2611F1Z243,Active,73,9615670477,General
29ABCDE9837F1Z244,Active,97,9990889697,General
26ABCDE9014F1Z245,Active,92,9195826600,General
29ABCDE2567F1Z246,Active,89,9143653085,General
24ABCDE4544F1Z247,Active,71,9680802129,General
32ABCDE5706F1Z248,Active,95,9965701098,General
11ABCDE5245F1Z249,Active,79,9934683356,General
10ABCDE2632F1Z250,Active,96,9316873326,General
22ABCDE7366F1Z251,Active,70,9720216214,General
33ABCDE6017F1Z252,Active,95,9324253927,General
34ABCDE8198F1Z253,Active,98,9489896796,General
24ABCDE8202F1Z254,Active,81,9695874160,General
16ABCDE4144F1Z255,Active,90,9688418828,General
24ABCDE2224F1Z256,Active,81,9655989319,General
21ABCDE3055F1Z257,Active,70,9994756245,General
14ABCDE3531F1Z258,Active,77,9751002866,General
10ABCDE2230F1Z259,Active,75,9708728066,General
13ABCDE5429F1Z260,Active,71,9581883091,General
33ABCDE2828F1Z261,Active,95,9487957587,General
36ABCDE2823F1Z262,Active,88,9385809810,General
36ABCDE2858F1Z263,Active,83,9434946145,General
36ABCDE4648F1Z264,Active,73,9711248446,General
18ABCDE8021F1Z265,Active,98,9378923486,General
17ABCDE5363F1Z266,Active,71,9688653417,General
19ABCDE8619F1Z267,Active,72,9473255627,General
18ABCDE7642F1Z268,Active,72,9112224273,General
14ABCDE5616F1Z269,Active,86,9200571002,General
28ABCDE8211F1Z270,Active,98,9584150210,General
21ABCDE2404F1Z271,Active,92,9497458853,General
34ABCDE9504F1Z272,Active,100,9163557280,General
32ABCDE6190F1Z273,Active,86,9414953586,General
36ABCDE6998F1Z274,Active,100,9529191966,General
32ABCDE4830F1Z275,Active,93,9744715882,General
31ABCDE2214F1Z276,Active,71,9729902782,General
23ABCDE6337F1Z277,Active,70,9778447652,General
31ABCDE8652F1Z278,Active,91,9420257925,General
10ABCDE8383F1Z279,Active,96,9842056432,General
32ABCDE6115F1Z280,Active,89,9107337734,General
32ABCDE9072F1Z281,Active,97,9697019832,General
23ABCDE8663F1Z282,Active,77,9517815895,General
20ABCDE3438F1Z283,Active,79,9388503312,General
16ABCDE9999F1Z284,Active,94,9840535834,General
16ABCDE7459F1Z285,Active,96,9916159724,General
14ABCDE9497F1Z286,Active,99,9666160122,General
27ABCDE4129F1Z287,Active,92,9468723634,General
15ABCDE9848F1Z288,Active,75,9144833925,General
29ABCDE9053F1Z289,Active,70,9946177877,General
35ABCDE7124F1Z290,Active,92,9517983995,General
19ABCDE3969F1Z291,Active,93,9578599721,General
13ABCDE6500F1Z292,Active,91,9366563519,General
33ABCDE3009F1Z293,Active,79,9527385276,General
25ABCDE5606F1Z294,Active,89,9877230899,General
34ABCDE2965F1Z295,Active,89,9891972591,General
25ABCDE8926F1Z296,Active,94,9706202136,General
17ABCDE2794F1Z297,Active,93,9915707765,General
20ABCDE6941F1Z298,Active,71,9808994609,General
22ABCDE4849F1Z299,Active,98,9145067663,General
17ABCDE9382F1Z300,Active,91,9309531197,General
14ABCDE6012F1Z301,Active,70,9887944897,General
11ABCDE7783F1Z302,Active,72,9103979254,General
24ABCDE9818F1Z303,Active,72,9721390643,General
10ABCDE5467F1Z304,Active,73,9721690043,General
30ABCDE4660F1Z305,Active,97,9451604509,General
28ABCDE6130F1Z306,Active,91,9494327030,General
22ABCDE7516F1Z307,Active,93,9915737931,General
12ABCDE9551F1Z308,Active,83,9313405883,General
36ABCDE2325F1Z309,Active,95,9120905294,General
19ABCDE8897F1Z310,Active,70,9719307462,General
12ABCDE7574F1Z311,Active,72,9758631035,General
30ABCDE4896F1Z312,Active,81,9714681408,General
23ABCDE5966F1Z313,Active,83,9546829662,General
13ABCDE3080F1Z314,Active,95,9173766570,General
22ABCDE6794F1Z315,Active,72,9505940072,General
22ABCDE3061F1Z316,Active,90,9742749206,General
15ABCDE1206F1Z317,Active,95,9630087886,General
29ABCDE6322F1Z318,Active,79,9974094549,General
29ABCDE9456F1Z319,Active,70,9394160716,General
35ABCDE4571F1Z320,Active,92,9906105780,General
13ABCDE2763F1Z321,Active,89,9972612271,General
10ABCDE7755F1Z322,Active,93,9650250276,General
20ABCDE1951F1Z323,Active,91,9395392247,General
33ABCDE1289F1Z324,Active,81,9167643689,General
19ABCDE3062F1Z325,Active,80,9438832719,General
24ABCDE6836F1Z326,Active,83,9629632629,General
21ABCDE5342F1Z327,Active,94,9467033972,General
22ABCDE5239F1Z328,Active,78,9752094674,General
35ABCDE9732F1Z329,Active,78,9310022538,General
34ABCDE2620F1Z330,Active,77,9892007538,General
35ABCDE5714F1Z331,Active,93,9929082246,General
35ABCDE6339F1Z332,Active,91,9546491677,General
28ABCDE8522F1Z333,Active,79,9408274820,General
25ABCDE5895F1Z334,Active,78,9141705843,General
11ABCDE9454F1Z335,Active,75,9772670418,General
25ABCDE7371F1Z336,Active,98,9162530421,General
23ABCDE9672F1Z337,Active,89,9949831998,General
34ABCDE7302F1Z338,Active,89,9751766922,General
12ABCDE9342F1Z339,Active,81,9885673237,General
16ABCDE9404F1Z340,Active,74,9742322489,General
11ABCDE4401F1Z341,Active,86,9996893915,General
28ABCDE6170F1Z342,Active,85,9881493791,General
31ABCDE9979F1Z343,Active,93,9419069074,General
33ABCDE7671F1Z344,Active,97,9575783564,General
33ABCDE1960F1Z345,Active,76,9638254286,General
34ABCDE5926F1Z346,Active,73,9126459209,General
23ABCDE6474F1Z347,Active,96,9627902825,General
14ABCDE5126F1Z348,Active,88,9352617180,General
11ABCDE6606F1Z349,Active,78,9818517519,General
11ABCDE4242F1Z350,Active,86,9202119559,General
16ABCDE1192F1Z351,Active,87,9482877442,General
14ABCDE9542F1Z352,Active,83,9916288934,General
36ABCDE5527F1Z353,Active,97,9833985017,General
13ABCDE2951F1Z354,Active,97,9981219890,General
34ABCDE1872F1Z355,Active,72,9522237574,General
33ABCDE3805F1Z356,Active,71,9380324726,General
14ABCDE6233F1Z357,Active,73,9788707527,General
13ABCDE4011F1Z358,Active,74,9850984330,General
30ABCDE3270F1Z359,Active,96,9613132370,General
11ABCDE3056F1Z360,Active,93,9167201546,General
34ABCDE6099F1Z361,Active,78,9900323061,General
19ABCDE9087F1Z362,Active,84,9344548471,General
29ABCDE1420F1Z363,Active,89,9991931533,General
30ABCDE5075F1Z364,Active,80,9275290977,General
11ABCDE9778F1Z365,Active,98,9980192910,General
35ABCDE9200F1Z366,Active,92,9426858027,General
29ABCDE6877F1Z367,Active,93,9604811610,General
15ABCDE7557F1Z368,Active,76,9219976384,General
17ABCDE4247F1Z369,Active,77,9392555333,General
10ABCDE5380F1Z370,Active,84,9977434277,General
11ABCDE2895F1Z371,Active,87,9864279538,General
16ABCDE4602F1Z372,Active,79,9468177941,General
28ABCDE4668F1Z373,Active,79,9825948790,General
29ABCDE9884F1Z374,Active,80,9126324224,General
26ABCDE3547F1Z375,Active,73,9749522754,General
29ABCDE7813F1Z376,Active,73,9776652471,General
23ABCDE7531F1Z377,Active,89,9500928106,General
27ABCDE7902F1Z378,Active,86,9392772516,General
22ABCDE8896F1Z379,Active,99,9149770187,General
10ABCDE6952F1Z380,Active,94,9208392340,General
17ABCDE8964F1Z381,Active,92,9682766092,General
24ABCDE6266F1Z382,Active,72,9893103687,General
20ABCDE6034F1Z383,Active,94,9234742317,General
13ABCDE1907F1Z384,Active,75,9884215309,General
16ABCDE3960F1Z385,Active,97,9709004129,General
11ABCDE1305F1Z386,Active,81,9551810888,General
15ABCDE1019F1Z387,Active,80,9370377398,General
27ABCDE2953F1Z388,Active,92,9372642967,General
29ABCDE3456F1Z389,Active,79,9824067717,General
17ABCDE4143F1Z390,Active,78,9534920783,General
27ABCDE5718F1Z391,Active,83,9451293251,General
18ABCDE4534F1Z392,Active,80,9288241179,General
20ABCDE9079F1Z393,Active,70,9245522950,General
20ABCDE4883F1Z394,Active,77,9490568163,General
25ABCDE3009F1Z395,Active,92,9307356018,General
36ABCDE3024F1Z396,Active,100,9433732352,General
17ABCDE1790F1Z397,Active,79,9482387808,General
31ABCDE9122F1Z398,Active,83,9633903837,General
14ABCDE1947F1Z399,Active,80,9417086871,General
17ABCDE9250F1Z400,Active,76,9214599618,General
23ABCDE4512F1Z401,Active,99,9881532360,General
24ABCDE1083F1Z402,Active,77,9506000418,General
15ABCDE8613F1Z403,Active,78,9444320270,General
23ABCDE2691F1Z404,Active,95,9654579102,General
36ABCDE8584F1Z405,Active,99,9599317540,General
36ABCDE1854F1Z406,Active,76,9954871874,General
11ABCDE4822F1Z407,Active,83,9524698495,General
23ABCDE2097F1Z408,Active,90,9656986628,General
24ABCDE4715F1Z409,Active,89,9252871710,General
27ABCDE3137F1Z410,Active,93,9978476689,General
24ABCDE9550F1Z411,Active,91,9112247256,General
36ABCDE8114F1Z412,Active,88,9507729685,General
11ABCDE1099F1Z413,Active,90,9282718130,General
16ABCDE2466F1Z414,Active,79,9220677157,General
14ABCDE6226F1Z415,Active,70,9779412542,General
28ABCDE8598F1Z416,Active,88,9510529883,General
19ABCDE9720F1Z417,Active,84,9839448827,General
25ABCDE7928F1Z418,Active,72,9880466288,General
23ABCDE6849F1Z419,Active,80,9216104374,General
36ABCDE1685F1Z420,Active,94,9262386075,General
18ABCDE6833F1Z421,Active,80,9906592659,General
23ABCDE1864F1Z422,Active,95,9490346449,General
18ABCDE3627F1Z423,Active,78,9137877469,General
17ABCDE2947F1Z424,Active,84,9777661197,General
26ABCDE7536F1Z425,Active,74,9890618995,General
19ABCDE8579F1Z426,Active,96,9634305484,General
35ABCDE7320F1Z427,Active,90,9286105483,General
33ABCDE8386F1Z428,Active,92,9469140386,General
24ABCDE4572F1Z429,Active,92,9641199322,General
13ABCDE9112F1Z430,Active,86,9722302824,General
16ABCDE6161F1Z431,Active,100,9519073799,General
31ABCDE9460F1Z432,Active,75,9939390881,General
20ABCDE3430F1Z433,Active,73,9838037844,General
28ABCDE8599F1Z434,Active,90,9849063952,General
13ABCDE6009F1Z435,Active,97,9141470457,General
31ABCDE8221F1Z436,Active,83,9402327138,General
12ABCDE4849F1Z437,Active,77,9879391506,General
17ABCDE5391F1Z438,Active,93,9989839626,General
24ABCDE9771F1Z439,Active,80,9333847771,General
10ABCDE3047F1Z440,Active,92,9500813853,General
11ABCDE6663F1Z441,Active,85,9332536275,General
30ABCDE1505F1Z442,Active,89,9179323635,General
35ABCDE3179F1Z443,Active,90,9577534865,General
30ABCDE6342F1Z444,Active,74,9629835827,General
34ABCDE5599F1Z445,Active,85,9380691365,General
32ABCDE1655F1Z446,Active,80,9753297203,General
13ABCDE1838F1Z447,Active,72,9909438059,General
17ABCDE9882F1Z448,Active,97,9551241436,General
28ABCDE7679F1Z449,Active,72,9628186257,General
15ABCDE8119F1Z450,Active,91,9311810522,General
21ABCDE1160F1Z451,Active,95,9582360581,General
34ABCDE5292F1Z452,Active,88,9678909394,General
29ABCDE9529F1Z453,Active,90,9248934524,General
22ABCDE3776F1Z454,Active,99,9152183970,General
16ABCDE2489F1Z455,Active,81,9419376750,General
19ABCDE3449F1Z456,Active,83,9147377827,General
36ABCDE4144F1Z457,Active,88,9968397644,General
22ABCDE1578F1Z458,Active,83,9975715825,General
15ABCDE1596F1Z459,Active,95,9339126964,General
31ABCDE1856F1Z460,Active,93,9933363220,General
15ABCDE8307F1Z461,Active,84,9664835223,General
24ABCDE4610F1Z462,Active,80,9100530119,General
33ABCDE6138F1Z463,Active,84,9370036968,General
11ABCDE1356F1Z464,Active,70,9630905607,General
30ABCDE1063F1Z465,Active,76,9877892520,General
21ABCDE2424F1Z466,Active,89,9760219906,General
30ABCDE2820F1Z467,Active,74,9887297518,General
29ABCDE8990F1Z468,Active,97,9128270081,General
23ABCDE9173F1Z469,Active,81,9111027276,General
13ABCDE7151F1Z470,Active,98,9204901093,General
29ABCDE3742F1Z471,Active,97,9165149215,General
25ABCDE9668F1Z472,Active,82,9822622737,General
14ABCDE4876F1Z473,Active,85,9875704851,General
21ABCDE2583F1Z474,Active,96,9418202487,General
23ABCDE7990F1Z475,Active,99,9580019515,General
32ABCDE7086F1Z476,Active,89,9611605081,General
15ABCDE8796F1Z477,Active,70,9271473235,General
15ABCDE8508F1Z478,Active,88,9756470569,General
18ABCDE4930F1Z479,Active,74,9869580023,General
29ABCDE8493F1Z480,Active,84,9955386332,General
15ABCDE1633F1Z481,Active,92,9909633803,General
30ABCDE9252F1Z482,Active,74,9745427691,General
36ABCDE9719F1Z483,Active,85,9431516191,General
23ABCDE5269F1Z484,Active,96,9655721099,General
24ABCDE9303F1Z485,Active,90,9114527528,General
33ABCDE6890F1Z486,Active,93,9295739315,General
11ABCDE8895F1Z487,Active,81,9229611149,General
11ABCDE1137F1Z488,Active,90,9847656223,General
18ABCDE9406F1Z489,Active,76,9975533975,General
18ABCDE6882F1Z490,Active,93,9337101644,General
35ABCDE9533F1Z491,Active,80,9423596030,General
21ABCDE1578F1Z492,Active,93,9568291826,General
24ABCDE2403F1Z493,Active,72,9627277133,General
33ABCDE6837F1Z494,Active,81,9531341674,General
31ABCDE7376F1Z495,Active,74,9621239800,General
21ABCDE8263F1Z496,Active,92,9640391993,General
31ABCDE2202F1Z497,Active,89,9138861743,General
33ABCDE5213F1Z498,Active,72,9122085543,General
11ABCDE8859F1Z499,Active,90,9816756000,General
23ABCDE7029F1Z500,Active,84,9393084679,General
34ABCDE2531F1Z501,Active,79,9936866693,General
33ABCDE1137F1Z502,Active,70,9120076510,General
31ABCDE8675F1Z503,Active,74,9385995313,General
26ABCDE7188F1Z504,Active,83,9210751008,General
29ABCDE3626F1Z505,Active,88,9201571012,General
36ABCDE6194F1Z506,Active,82,9928798699,General
12ABCDE8728F1Z507,Active,83,9201666337,General
15ABCDE9697F1Z508,Active,77,9993664939,General
35ABCDE9382F1Z509,Active,75,9796324307,General
28ABCDE9326F1Z510,Active,79,9877215173,General
18ABCDE4939F1Z511,Active,95,9856712217,General
33ABCDE9503F1Z512,Active,73,9578953074,General
20ABCDE4702F1Z513,Active,75,9996169119,General
31ABCDE3087F1Z514,Active,71,9126876338,General
35ABCDE7026F1Z515,Active,76,9326152428,General
23ABCDE1380F1Z516,Active,83,9833065932,General
17ABCDE7689F1Z517,Active,87,9842346909,General
28ABCDE9229F1Z518,Active,93,9973991857,General
33ABCDE3804F1Z519,Active,98,9219873850,General
27ABCDE6431F1Z520,Active,87,9545250051,General
33ABCDE1015F1Z521,Active,99,9536507807,General
29ABCDE7939F1Z522,Active,74,9795908331,General
21ABCDE6789F1Z523,Active,86,9157289554,General
16ABCDE8114F1Z524,Active,97,9737995431,General
25ABCDE9282F1Z525,Active,98,9740837155,General
11ABCDE1080F1Z526,Active,77,9838398959,General
17ABCDE2606F1Z527,Active,83,9577136292,General
16ABCDE1567F1Z528,Active,86,9981736402,General
30ABCDE3787F1Z529,Active,72,9154928837,General
29ABCDE2291F1Z530,Active,86,9798684108,General
33ABCDE6309F1Z531,Active,80,9928947425,General
27ABCDE8750F1Z532,Active,94,9457296502,General
24ABCDE7103F1Z533,Active,97,9855033545,General
10ABCDE4034F1Z534,Active,88,9672307899,General
34ABCDE8100F1Z535,Active,84,9252607481,General
14ABCDE6638F1Z536,Active,88,9372918992,General
18ABCDE6498F1Z537,Active,75,9947116967,General
36ABCDE1622F1Z538,Active,91,9500787760,General
28ABCDE1056F1Z539,Active,87,9399786360,General
19ABCDE8897F1Z540,Active,89,9594454399,General
27ABCDE1954F1Z541,Active,84,9885948961,General
34ABCDE9177F1Z542,Active,79,9534542055,General
14ABCDE9427F1Z543,Active,95,9762290939,General
12ABCDE8685F1Z544,Active,73,9364305620,General
13ABCDE2846F1Z545,Active,89,9763125921,General
19ABCDE6081F1Z546,Active,100,9143106885,General
19ABCDE1983F1Z547,Active,75,9497073642,General
20ABCDE4120F1Z548,Active,71,9482313801,General
28ABCDE2485F1Z549,Active,75,9353847839,General
31ABCDE4326F1Z550,Active,79,9215241522,General
15ABCDE1988F1Z551,Active,83,9468815847,General
12ABCDE3312F1Z552,Active,73,9288216559,General
13ABCDE2701F1Z553,Active,81,9137064075,General
32ABCDE2459F1Z554,Active,84,9969681544,General
11ABCDE3591F1Z555,Active,71,9592107674,General
17ABCDE7092F1Z556,Active,96,9169480429,General
19ABCDE7061F1Z557,Active,72,9768118808,General
31ABCDE1063F1Z558,Active,97,9511101756,General
14ABCDE8875F1Z559,Active,72,9513519508,General
27ABCDE3452F1Z560,Active,77,9548303269,General
21ABCDE5637F1Z561,Active,96,9822243601,General
10ABCDE3373F1Z562,Active,94,9396166654,General
30ABCDE9527F1Z563,Active,92,9685083174,General
26ABCDE6502F1Z564,Active,85,9153241320,General
34ABCDE3423F1Z565,Active,79,9366242511,General
14ABCDE2846F1Z566,Active,84,9737808233,General
16ABCDE6562F1Z567,Active,84,9686038600,General
12ABCDE9094F1Z568,Active,88,9454665764,General
17ABCDE2450F1Z569,Active,91,9916653348,General
20ABCDE9380F1Z570,Active,82,9811776595,General
21ABCDE5463F1Z571,Active,72,9324142352,General
25ABCDE5557F1Z572,Active,99,9824660618,General
13ABCDE6001F1Z573,Active,86,9122573396,General
36ABCDE3920F1Z574,Active,87,9537798559,General
16ABCDE2218F1Z575,Active,84,9310728405,General
26ABCDE9263F1Z576,Active,85,9608650114,General
30ABCDE6757F1Z577,Active,73,9424395763,General
14ABCDE8611F1Z578,Active,97,9806876538,General
35ABCDE4733F1Z579,Active,80,9546223427,General
33ABCDE6745F1Z580,Active,72,9302191628,General
28ABCDE2311F1Z581,Active,79,9435475067,General
35ABCDE4518F1Z582,Active,84,9136524438,General
36ABCDE9365F1Z583,Active,81,9551486849,General
31ABCDE4072F1Z584,Active,70,9425756183,General
26ABCDE5871F1Z585,Active,92,9679916892,General
15ABCDE4390F1Z586,Active,72,9106210357,General
35ABCDE5913F1Z587,Active,74,9617527005,General
11ABCDE4134F1Z588,Active,76,9369446585,General
10ABCDE5485F1Z589,Active,83,9845108335,General
32ABCDE1708F1Z590,Active,77,9295943769,General
14ABCDE8033F1Z591,Active,95,9215328126,General
18ABCDE3535F1Z592,Active,74,9280983098,General
20ABCDE8845F1Z593,Active,70,9424620304,General
14ABCDE4798F1Z594,Active,92,9152335171,General
19ABCDE3933F1Z595,Active,74,9460732140,General
12ABCDE7845F1Z596,Active,86,9305474978,General
36ABCDE1776F1Z597,Active,83,9256528504,General
19ABCDE7167F1Z598,Active,79,9417733911,General
10ABCDE6923F1Z599,Active,72,9477028296,General
20ABCDE9393F1Z600,Active,75,9281398111,General
35ABCDE7011F1Z601,Active,82,9270487885,General
28ABCDE6163F1Z602,Active,81,9524727802,General
23ABCDE9939F1Z603,Active,80,9114925798,General
10ABCDE1295F1Z604,Active,70,9524636321,General
34ABCDE3461F1Z605,Active,82,9420509605,General
10ABCDE1047F1Z606,Active,84,9973789951,General
31ABCDE8214F1Z607,Active,84,9184162059,General
28ABCDE3737F1Z608,Active,82,9637634631,General
16ABCDE2440F1Z609,Active,77,9849308345,General
20ABCDE6585F1Z610,Active,96,9843224061,General
32ABCDE4273F1Z611,Active,98,9337816119,General
10ABCDE5082F1Z612,Active,72,9882732329,General
17ABCDE3362F1Z613,Active,77,9975059195,General
28ABCDE2086F1Z614,Active,72,9857835668,General
36ABCDE1106F1Z615,Active,70,9130895393,General
12ABCDE7970F1Z616,Active,80,9772331451,General
20ABCDE8709F1Z617,Active,98,9353869777,General
12ABCDE7785F1Z618,Active,98,9606959207,General
32ABCDE7393F1Z619,Active,88,9409293078,General
30ABCDE8730F1Z620,Active,73,9317730380,General
16ABCDE8095F1Z621,Active,91,9174531474,General
34ABCDE4682F1Z622,Active,92,9246373989,General
26ABCDE7783F1Z623,Active,85,9948031033,General
35ABCDE1787F1Z624,Active,96,9451765672,General
30ABCDE8411F1Z625,Active,98,9539379859,General
14ABCDE8360F1Z626,Active,79,9358833853,General
32ABCDE6248F1Z627,Active,93,9376035371,General
24ABCDE8017F1Z628,Active,96,9102481607,General
25ABCDE6419F1Z629,Active,74,9696382250,General
33ABCDE8909F1Z630,Active,80,9222988568,General
33ABCDE6633F1Z631,Active,90,9440054053,General
30ABCDE9783F1Z632,Active,70,9492234921,General
24ABCDE3557F1Z633,Active,74,9593026728,General
16ABCDE7568F1Z634,Active,95,9377684846,General
12ABCDE4674F1Z635,Active,90,9408853868,General
14ABCDE8181F1Z636,Active,80,9681375542,General
13ABCDE5601F1Z637,Active,75,9425086604,General
13ABCDE7271F1Z638,Active,89,9328907080,General
30ABCDE8231F1Z639,Active,95,9928697520,General
13ABCDE8262F1Z640,Active,100,9557975548,General
28ABCDE2110F1Z641,Active,91,9313485633,General
18ABCDE2874F1Z642,Active,90,9256052187,General
36ABCDE4925F1Z643,Active,94,9642815852,General
34ABCDE7399F1Z644,Active,87,9819716601,General
27ABCDE8886F1Z645,Active,76,9751433320,General
26ABCDE5015F1Z646,Active,97,9524108564,General
19ABCDE4556F1Z647,Active,71,9239329590,General
36ABCDE2030F1Z648,Active,87,9955648723,General
29ABCDE6735F1Z649,Active,100,9123408258,General
35ABCDE5742F1Z650,Active,82,9519330957,General
33ABCDE6864F1Z651,Active,77,9906584046,General
32ABCDE7898F1Z652,Active,80,9738497447,General
19ABCDE1154F1Z653,Active,72,9116143239,General
28ABCDE6731F1Z654,Active,77,9963754935,General
22ABCDE8081F1Z655,Active,79,9820276498,General
26ABCDE9663F1Z656,Active,71,9448849790,General
15ABCDE5200F1Z657,Active,93,9260995884,General
23ABCDE5620F1Z658,Active,79,9658877951,General
35ABCDE5994F1Z659,Active,72,9369861291,General
36ABCDE5861F1Z660,Active,79,9389206039,General
14ABCDE8524F1Z661,Active,95,9291598319,General
27ABCDE6642F1Z662,Active,83,9281341613,General
22ABCDE6465F1Z663,Active,77,9721242720,General
15ABCDE7319F1Z664,Active,78,9683932225,General
21ABCDE2110F1Z665,Active,74,9417343777,General
19ABCDE7121F1Z666,Active,75,9997932012,General
18ABCDE6884F1Z667,Active,89,9196104495,General
10ABCDE8772F1Z668,Active,94,9874613012,General
27ABCDE1838F1Z669,Active,76,9772073887,General
26ABCDE5264F1Z670,Active,82,9443527873,General
21ABCDE1480F1Z671,Active,100,9937108157,General
28ABCDE7457F1Z672,Active,99,9165261540,General
19ABCDE4250F1Z673,Active,97,9447200125,General
29ABCDE8384F1Z674,Active,99,9505998585,General
30ABCDE3091F1Z675,Active,97,9608845500,General
13ABCDE2128F1Z676,Active,97,9584216539,General
22ABCDE7054F1Z677,Active,84,9760015278,General
30ABCDE3918F1Z678,Active,100,9973899533,General
27ABCDE9920F1Z679,Active,80,9410570299,General
33ABCDE1648F1Z680,Active,78,9161117524,General
23ABCDE1877F1Z681,Active,82,9180986023,General
33ABCDE3285F1Z682,Active,86,9939192003,General
32ABCDE8704F1Z683,Active,84,9442811068,General
13ABCDE9700F1Z684,Active,87,9482019315,General
27ABCDE1891F1Z685,Active,98,9291578418,General
31ABCDE7827F1Z686,Active,99,9717957425,General
13ABCDE3104F1Z687,Active,91,9698401649,General
17ABCDE2277F1Z688,Active,91,9421197382,General
33ABCDE4027F1Z689,Active,98,9223967751,General
29ABCDE9153F1Z690,Active,73,9438219465,General
19ABCDE2975F1Z691,Active,97,9448772362,General
26ABCDE4302F1Z692,Active,85,9610881315,General
10ABCDE7594F1Z693,Active,99,9747225744,General
28ABCDE9365F1Z694,Active,83,9853521805,General
30ABCDE4085F1Z695,Active,94,9151142865,General
14ABCDE4016F1Z696,Active,73,9588154017,General
19ABCDE9155F1Z697,Active,82,9471344718,General
23ABCDE1469F1Z698,Active,97,9961974363,General
24ABCDE8010F1Z699,Active,74,9543765631,General
22ABCDE5107F1Z700,Active,93,9253608135,General
26ABCDE6236F1Z701,Active,90,9790556362,General
16ABCDE4036F1Z702,Active,80,9253919833,General
14ABCDE9777F1Z703,Active,75,9639537085,General
16ABCDE4429F1Z704,Active,87,9663206262,General
25ABCDE6535F1Z705,Active,97,9231468785,General
27ABCDE5969F1Z706,Active,93,9831426463,General
14ABCDE9891F1Z707,Active,100,9722795676,General
32ABCDE6297F1Z708,Active,97,9875664847,General
12ABCDE8560F1Z709,Active,100,9772092311,General
13ABCDE5965F1Z710,Active,85,9686600730,General
22ABCDE2253F1Z711,Active,93,9748409547,General
11ABCDE5369F1Z712,Active,90,9655763519,General
17ABCDE8496F1Z713,Active,95,9318509299,General
10ABCDE6895F1Z714,Active,82,9702851051,General
27ABCDE7203F1Z715,Active,83,9563456543,General
36ABCDE7356F1Z716,Active,82,9403645442,General
20ABCDE9612F1Z717,Active,73,9556686515,General
29ABCDE7665F1Z718,Active,97,9842929220,General
13ABCDE4705F1Z719,Active,85,9500301244,General
26ABCDE6954F1Z720,Active,91,9875625597,General
18ABCDE5731F1Z721,Active,97,9191184408,General
16ABCDE1269F1Z722,Active,72,9459157821,General
20ABCDE9165F1Z723,Active,85,9943936684,General
21ABCDE2778F1Z724,Active,71,9712080631,General
24ABCDE9841F1Z725,Active,83,9711819389,General
12ABCDE9188F1Z726,Active,91,9976257665,General
35ABCDE6960F1Z727,Active,79,9446710257,General
27ABCDE3598F1Z728,Active,93,9612812099,General
22ABCDE1681F1Z729,Active,74,9343307622,General
19ABCDE3781F1Z730,Active,84,9678227586,General
15ABCDE8550F1Z731,Active,77,9197141425,General
19ABCDE3944F1Z732,Active,81,9867062691,General
10ABCDE3224F1Z733,Active,89,9859549898,General
18ABCDE3507F1Z734,Active,95,9717868725,General
35ABCDE3453F1Z735,Active,91,9324261466,General
27ABCDE8704F1Z736,Active,99,9219865042,General
32ABCDE2548F1Z737,Active,75,9219399822,General
25ABCDE1666F1Z738,Active,99,9937483827,General
35ABCDE2941F1Z739,Active,90,9310648950,General
12ABCDE1494F1Z740,Active,79,9607648111,General
15ABCDE6870F1Z741,Active,76,9645189213,General
18ABCDE3780F1Z742,Active,77,9939481795,General
17ABCDE4953F1Z743,Active,99,9862577516,General
33ABCDE5932F1Z744,Active,85,9189900049,General
30ABCDE3471F1Z745,Active,72,9366720550,General
34ABCDE5263F1Z746,Active,93,9495505549,General
16ABCDE2755F1Z747,Active,84,9730427309,General
30ABCDE5266F1Z748,Active,82,9895610703,General
24ABCDE4359F1Z749,Active,74,9559879004,General
10ABCDE3284F1Z750,Active,85,9730854230,General
24ABCDE8476F1Z751,Active,86,9837981615,General
22ABCDE3165F1Z752,Active,78,9123324291,General
17ABCDE4217F1Z753,Active,78,9565185691,General
29ABCDE6583F1Z754,Active,82,9538529247,General
23ABCDE8997F1Z755,Active,85,9540306704,General
13ABCDE9667F1Z756,Active,92,9865749321,General
31ABCDE1404F1Z757,Active,95,9482206200,General
32ABCDE8453F1Z758,Active,76,9225052035,General
16ABCDE9602F1Z759,Active,76,9236318176,General
32ABCDE1654F1Z760,Active,91,9503910169,General
10ABCDE8650F1Z761,Active,78,9939585043,General
10ABCDE9209F1Z762,Active,95,9947754364,General
23ABCDE7992F1Z763,Active,91,9715332021,General
23ABCDE7331F1Z764,Active,76,9736977422,General
35ABCDE5639F1Z765,Active,71,9921247220,General
26ABCDE1332F1Z766,Active,89,9474821572,General
28ABCDE3156F1Z767,Active,88,9790779690,General
26ABCDE8242F1Z768,Active,86,9656654889,General
30ABCDE7387F1Z769,Active,71,9952954874,General
19ABCDE1501F1Z770,Active,85,9706561912,General
27ABCDE2893F1Z771,Active,82,9309424327,General
35ABCDE5168F1Z772,Active,77,9633553323,General
25ABCDE7589F1Z773,Active,82,9782736693,General
15ABCDE7260F1Z774,Active,81,9744728049,General
33ABCDE3021F1Z775,Active,90,9968968764,General
34ABCDE9260F1Z776,Active,91,9222137786,General
13ABCDE7399F1Z777,Active,72,9479139774,General
12ABCDE4894F1Z778,Active,100,9238856943,General
21ABCDE8237F1Z779,Active,92,9591376121,General
24ABCDE4637F1Z780,Active,73,9233820112,General
35ABCDE4154F1Z781,Active,79,9512560405,General
17ABCDE5015F1Z782,Active,87,9837555400,General
20ABCDE2036F1Z783,Active,81,9412588362,General
30ABCDE5381F1Z784,Active,79,9186476948,General
10ABCDE9599F1Z785,Active,84,9741062746,General
21ABCDE6211F1Z786,Active,71,9151874695,General
12ABCDE2463F1Z787,Active,96,9952568979,General
14ABCDE3240F1Z788,Active,74,9276639115,General
20ABCDE7149F1Z789,Active,80,9409854165,General
19ABCDE2256F1Z790,Active,76,9755202642,General
25ABCDE6599F1Z791,Active,99,9529989306,General
26ABCDE7773F1Z792,Active,71,9785185178,General
13ABCDE8794F1Z793,Active,73,9526307280,General
31ABCDE6134F1Z794,Active,94,9562786468,General
31ABCDE6499F1Z795,Active,78,9937302745,General
10ABCDE5839F1Z796,Active,92,9133573144,General
29ABCDE7072F1Z797,Active,77,9390943410,General
34ABCDE3978F1Z798,Active,97,9912752979,General
32ABCDE3484F1Z799,Active,80,9430148234,General
22ABCDE4372F1Z800,Active,75,9545645122,General
10ABCDE3168F1Z801,Active,71,9309302914,General
32ABCDE4346F1Z802,Active,83,9904275048,General
31ABCDE2569F1Z803,Active,100,9100432340,General
34ABCDE5089F1Z804,Active,73,9148748488,General
30ABCDE4803F1Z805,Active,94,9643323181,General
16ABCDE2459F1Z806,Active,71,9622140078,General
17ABCDE6143F1Z807,Active,96,9344006955,General
20ABCDE4020F1Z808,Active,97,9978121602,General
35ABCDE7753F1Z809,Active,76,9878602171,General
26ABCDE2981F1Z810,Active,95,9520238411,General
35ABCDE2711F1Z811,Active,94,9907104390,General
27ABCDE7919F1Z812,Active,86,9811475766,General
21ABCDE3039F1Z813,Active,94,9396173076,General
29ABCDE9044F1Z814,Active,100,9988469652,General
32ABCDE7720F1Z815,Active,100,9424963350,General
22ABCDE6336F1Z816,Active,100,9128745563,General
21ABCDE4958F1Z817,Active,82,9167646129,General
11ABCDE1729F1Z818,Active,93,9831550119,General
28ABCDE5638F1Z819,Active,77,9547765911,General
16ABCDE8969F1Z820,Active,77,9405589004,General
20ABCDE4362F1Z821,Active,75,9418430683,General
27ABCDE2258F1Z822,Active,90,9654778907,General
36ABCDE7777F1Z823,Active,82,9911094408,General
27ABCDE7995F1Z824,Active,89,9313029951,General
21ABCDE6546F1Z825,Active,74,9232335626,General
18ABCDE7051F1Z826,Active,95,9554555800,General
15ABCDE1235F1Z827,Active,85,9342653860,General
28ABCDE7803F1Z828,Active,82,9705332600,General
36ABCDE7624F1Z829,Active,93,9134384740,General
30ABCDE4684F1Z830,Active,90,9341674785,General
36ABCDE1603F1Z831,Active,70,9252123455,General
32ABCDE8317F1Z832,Active,70,9728367099,General
10ABCDE8819F1Z833,Active,76,9602047092,General
17ABCDE9374F1Z834,Active,85,9402615331,General
31ABCDE2816F1Z835,Active,93,9416308678,General
32ABCDE6131F1Z836,Active,89,9675420176,General
20ABCDE1450F1Z837,Active,81,9978306066,General
24ABCDE8086F1Z838,Active,74,9317758826,General
14ABCDE5144F1Z839,Active,90,9579337760,General
11ABCDE1453F1Z840,Active,72,9130715750,General
20ABCDE3925F1Z841,Active,83,9237189129,General
28ABCDE1821F1Z842,Active,78,9689373335,General
20ABCDE4606F1Z843,Active,94,9199283441,General
19ABCDE5044F1Z844,Active,96,9787131232,General
30ABCDE4512F1Z845,Active,92,9800183758,General
33ABCDE2137F1Z846,Active,85,9734701771,General
10ABCDE4273F1Z847,Active,71,9295004290,General
11ABCDE6312F1Z848,Active,100,9820923058,General
25ABCDE8657F1Z849,Active,99,9572338841,General
25ABCDE7110F1Z850,Active,76,9433799750,General
35ABCDE7354F1Z851,Active,74,9222578333,General
20ABCDE9438F1Z852,Active,100,9337979116,General
33ABCDE9053F1Z853,Active,75,9940815803,General
34ABCDE7901F1Z854,Active,81,9808879042,General
22ABCDE2752F1Z855,Active,96,9852014663,General
30ABCDE3115F1Z856,Active,74,9752421586,General
16ABCDE6496F1Z857,Active,99,9967867809,General
26ABCDE6753F1Z858,Active,90,9451637044,General
13ABCDE5235F1Z859,Active,73,9469539154,General
28ABCDE9487F1Z860,Active,80,9311233594,General
36ABCDE4002F1Z861,Active,70,9269694393,General
21ABCDE1100F1Z862,Active,90,9696491847,General
21ABCDE8131F1Z863,Active,91,9523763875,General
11ABCDE2304F1Z864,Active,85,9631390507,General
28ABCDE4791F1Z865,Active,100,9887770004,General
32ABCDE1432F1Z866,Active,75,9740704874,General
36ABCDE9385F1Z867,Active,85,9905810603,General
23ABCDE1961F1Z868,Active,90,9510865776,General
27ABCDE3022F1Z869,Active,90,9492080981,General
16ABCDE9684F1Z870,Active,89,9342332583,General
27ABCDE9003F1Z871,Active,99,9281369605,General
15ABCDE4596F1Z872,Active,98,9378613930,General
21ABCDE8842F1Z873,Active,80,9768467310,General
23ABCDE9291F1Z874,Active,85,9653350021,General
20ABCDE2810F1Z875,Active,84,9291041412,General
25ABCDE5996F1Z876,Active,88,9718236915,General
35ABCDE5529F1Z877,Active,93,9424935029,General
29ABCDE4254F1Z878,Active,86,9638712274,General
29ABCDE2689F1Z879,Active,96,9978653139,General
12ABCDE1045F1Z880,Active,93,9331334149,General
13ABCDE8879F1Z881,Active,80,9191970860,General
15ABCDE7277F1Z882,Active,89,9659899579,General
31ABCDE9450F1Z883,Active,73,9814971977,General
23ABCDE3993F1Z884,Active,87,9888668816,General
34ABCDE8942F1Z885,Active,92,9613589520,General
11ABCDE1057F1Z886,Active,80,9995802738,General
22ABCDE7185F1Z887,Active,85,9352162297,General
32ABCDE6224F1Z888,Active,81,9281736264,General
31ABCDE3814F1Z889,Active,95,9843044919,General
21ABCDE3550F1Z890,Active,94,9891284706,General
22ABCDE4436F1Z891,Active,81,9847923258,General
12ABCDE4530F1Z892,Active,72,9369034475,General
17ABCDE3058F1Z893,Active,91,9500406337,General
33ABCDE8660F1Z894,Active,94,9199007180,General
33ABCDE6154F1Z895,Active,94,9882733297,General
29ABCDE1772F1Z896,Active,92,9682797821,General
36ABCDE5822F1Z897,Active,85,9622557273,General
25ABCDE4733F1Z898,Active,74,9112960692,General
28ABCDE5946F1Z899,Active,84,9195457440,General
23ABCDE7779F1Z900,Active,90,9701026988,General
33ABCDE3319F1Z901,Active,82,9997933061,General
29ABCDE2815F1Z902,Active,81,9666527866,General
30ABCDE2951F1Z903,Active,71,9500349262,General
15ABCDE6330F1Z904,Active,88,9106122320,General
17ABCDE7235F1Z905,Active,91,9787228102,General
16ABCDE6580F1Z906,Active,76,9407351264,General
19ABCDE6366F1Z907,Active,87,9187717040,General
27ABCDE4969F1Z908,Active,91,9263285325,General
29ABCDE8917F1Z909,Active,93,9652499609,General
10ABCDE7910F1Z910,Active,93,9390813432,General
33ABCDE8751F1Z911,Active,97,9393688793,General
16ABCDE4040F1Z912,Active,75,9130480818,General
21ABCDE1891F1Z913,Active,81,9983606586,General
18ABCDE1526F1Z914,Active,99,9235221548,General
31ABCDE8949F1Z915,Active,94,9118535780,General
16ABCDE8753F1Z916,Active,74,9508916895,General
28ABCDE4010F1Z917,Active,93,9461739943,General
23ABCDE9572F1Z918,Active,88,9716937527,General
27ABCDE7945F1Z919,Active,99,9421812923,General
13ABCDE7599F1Z920,Active,81,9869722106,General
22ABCDE3274F1Z921,Active,94,9652450525,General
23ABCDE6545F1Z922,Active,77,9518329486,General
35ABCDE1950F1Z923,Active,70,9221746588,General
33ABCDE9435F1Z924,Active,86,9636890376,General
12ABCDE2478F1Z925,Active,73,9849005726,General
33ABCDE7938F1Z926,Active,73,9986513020,General
32ABCDE9348F1Z927,Active,82,9599620230,General
15ABCDE8290F1Z928,Active,83,9676408566,General
31ABCDE1724F1Z929,Active,85,9841409927,General
31ABCDE8999F1Z930,Active,71,9402090974,General
29ABCDE6278F1Z931,Active,88,9898677946,General
35ABCDE6419F1Z932,Active,78,9646513040,General
35ABCDE5442F1Z933,Active,99,9680141697,General
35ABCDE7844F1Z934,Active,81,9514987492,General
27ABCDE1897F1Z935,Active,88,9979354741,General
32ABCDE4086F1Z936,Active,80,9517277784,General
27ABCDE8307F1Z937,Active,73,9654574860,General
15ABCDE6730F1Z938,Active,91,9745392512,General
17ABCDE1520F1Z939,Active,80,9672427783,General
35ABCDE9088F1Z940,Active,77,9266003703,General
22ABCDE3520F1Z941,Active,94,9628881001,General
22ABCDE2221F1Z942,Active,88,9316796736,General
31ABCDE2874F1Z943,Active,80,9161939951,General
15ABCDE3539F1Z944,Active,88,9289138647,General
29ABCDE9845F1Z945,Active,100,9495406200,General
30ABCDE3663F1Z946,Active,100,9593687300,General
33ABCDE4013F1Z947,Active,99,9797615465,General
28ABCDE2244F1Z948,Active,99,9641481852,General
26ABCDE6141F1Z949,Active,75,9870633273,General
16ABCDE8694F1Z950,Active,78,9765875377,General
29ABCDE9229F1Z951,Active,89,9455237442,General
20ABCDE1055F1Z952,Active,91,9285736014,General
18ABCDE4807F1Z953,Active,71,9772403436,General
24ABCDE2549F1Z954,Active,74,9621521355,General
17ABCDE1295F1Z955,Active,75,9775821769,General
16ABCDE2051F1Z956,Active,79,9314036832,General
26ABCDE5200F1Z957,Active,95,9416676304,General
18ABCDE4676F1Z958,Active,79,9264400182,General
29ABCDE3352F1Z959,Active,93,9535107951,General
22ABCDE9373F1Z960,Active,90,9544866312,General
12ABCDE3527F1Z961,Active,97,9644485912,General
19ABCDE3698F1Z962,Active,97,9968404118,General
26ABCDE3221F1Z963,Active,99,9508164114,General
14ABCDE8807F1Z964,Active,72,9261074684,General
34ABCDE8159F1Z965,Active,93,9735533090,General
14ABCDE6854F1Z966,Active,86,9935687543,General
32ABCDE8216F1Z967,Active,97,9332899782,General
20ABCDE3560F1Z968,Active,100,9657181343,General
34ABCDE7931F1Z969,Active,77,9672990017,General
17ABCDE6967F1Z970,Active,78,9995786333,General
29ABCDE1238F1Z971,Active,77,9735635635,General
34ABCDE4502F1Z972,Active,76,9212169913,General
31ABCDE6203F1Z973,Active,84,9872352886,General
19ABCDE7623F1Z974,Active,82,9689952380,General
36ABCDE2204F1Z975,Active,93,9248432899,General
30ABCDE3864F1Z976,Active,76,9240670872,General
23ABCDE7418F1Z977,Active,70,9222989203,General
16ABCDE5248F1Z978,Active,97,9329018991,General
31ABCDE6669F1Z979,Active,73,9842584519,General
24ABCDE1708F1Z980,Active,88,9597865645,General
32ABCDE4650F1Z981,Active,86,9986467827,General
26ABCDE3090F1Z982,Active,77,9180820211,General
31ABCDE6071F1Z983,Active,92,9146399791,General
23ABCDE8043F1Z984,Active,91,9652449919,General
36ABCDE7058F1Z985,Active,80,9639829145,General
19ABCDE1740F1Z986,Active,93,9625508569,General
30ABCDE2719F1Z987,Active,79,9610043351,General
28ABCDE4596F1Z988,Active,86,9113215894,General
14ABCDE2282F1Z989,Active,76,9736520802,General
31ABCDE1837F1Z990,Active,97,9578599699,General
33ABCDE4703F1Z991,Active,88,9994322766,General
30ABCDE7169F1Z992,Active,76,9882733138,General
10ABCDE4586F1Z993,Active,85,9618266238,General
32ABCDE7818F1Z994,Active,79,9766509188,General
34ABCDE6284F1Z995,Active,91,9602820359,General
23ABCDE8277F1Z996,Active,78,9137086414,General
12ABCDE4004F1Z997,Active,73,9359708385,General
25ABCDE4372F1Z998,Active,88,9871221016,General
29ABCDE5589F1Z999,Active,72,9560221391,General
30ABCDE8830F1Z1000,Active,79,9415743085,General
34ABCDE5129F1Z1001,Active,94,9538400758,General
29ABCDE2784F1Z1002,Active,90,9824493800,General
19ABCDE2666F1Z1003,Active,84,9739713319,General
24ABCDE3344F1Z1004,Active,82,9903736315,General
15ABCDE6714F1Z1005,Active,96,9773321647,General
13ABCDE3972F1Z1006,Active,70,9605811014,General
12ABCDE7283F1Z1007,Active,99,9181040941,General
21ABCDE4726F1Z1008,Active,99,9101734973,General
14ABCDE4493F1Z1009,Active,77,9542816506,General
17ABCDE9604F1Z1010,Active,74,9371909797,General
19ABCDE8656F1Z1011,Active,91,9200396077,General
24ABCDE2949F1Z1012,Active,87,9980153466,General
33ABCDE9239F1Z1013,Active,88,9861761971,General
20ABCDE3257F1Z1014,Active,81,9310846444,General
24ABCDE7910F1Z1015,Active,76,9659009048,General
12ABCDE2287F1Z1016,Active,85,9193192972,General
24ABCDE6433F1Z1017,Active,92,9314461650,General
25ABCDE6703F1Z1018,Active,98,9473230185,General
17ABCDE8336F1Z1019,Active,99,9691801428,General
18ABCDE9906F1Z1020,Active,99,9392391543,General
20ABCDE4734F1Z1021,Active,87,9583562861,General
22ABCDE3369F1Z1022,Active,83,9341616655,General
27ABCDE3872F1Z1023,Active,77,9605748494,General
28ABCDE5407F1Z1024,Active,89,9933890290,General
14ABCDE3928F1Z1025,Active,99,9388998488,General
16ABCDE5979F1Z1026,Active,73,9488771236,General
15ABCDE9853F1Z1027,Active,89,9364268184,General
33ABCDE4695F1Z1028,Active,95,9776461405,General
28ABCDE6266F1Z1029,Active,78,9885225596,General
21ABCDE5068F1Z1030,Active,96,9387808178,General
22ABCDE5113F1Z1031,Active,84,9435403324,General
35ABCDE5136F1Z1032,Active,85,9460599037,General
30ABCDE2187F1Z1033,Active,83,9797783858,General
17ABCDE4209F1Z1034,Active,71,9351498911,General
10ABCDE8279F1Z1035,Active,81,9311205541,General
25ABCDE4358F1Z1036,Active,78,9542086048,General
12ABCDE9910F1Z1037,Active,71,9572217947,General
25ABCDE2449F1Z1038,Active,91,9810337573,General
35ABCDE6775F1Z1039,Active,97,9628972876,General
16ABCDE8448F1Z1040,Active,87,9589339232,General
27ABCDE2301F1Z1041,Active,79,9359433349,General
32ABCDE4394F1Z1042,Active,78,9295009827,General
21ABCDE8432F1Z1043,Active,89,9439831502,General
17ABCDE8591F1Z1044,Active,87,9702604312,General
29ABCDE6331F1Z1045,Active,97,9512434150,General
15ABCDE5502F1Z1046,Active,71,9883883917,General
26ABCDE5038F1Z1047,Active,96,9242318938,General
34ABCDE8423F1Z1048,Active,72,9244244135,General
20ABCDE5677F1Z1049,Active,71,9621325910,General
36ABCDE4662F1Z1050,Active,83,9751971795,General
27ABCDE4756F1Z1051,Active,93,9629425787,General
12ABCDE6661F1Z1052,Active,95,9343586577,General
30ABCDE4005F1Z1053,Active,96,9784673244,General
16ABCDE7838F1Z1054,Active,92,9878381165,General
11ABCDE9265F1Z1055,Active,84,9272523727,General
34ABCDE6742F1Z1056,Active,85,9338270241,General
11ABCDE9096F1Z1057,Active,73,9625310844,General
34ABCDE2861F1Z1058,Active,70,9520555963,General
10ABCDE4963F1Z1059,Active,87,9726233169,General
11ABCDE2862F1Z1060,Active,77,9481407797,General
24ABCDE5173F1Z1061,Active,97,9416708050,General
36ABCDE1352F1Z1062,Active,80,9858767229,General
16ABCDE1711F1Z1063,Active,81,9796653135,General
13ABCDE6084F1Z1064,Active,93,9698409703,General
17ABCDE1009F1Z1065,Active,70,9436603274,General
30ABCDE1655F1Z1066,Active,86,9970569710,General
17ABCDE3092F1Z1067,Active,74,9394600044,General
13ABCDE1699F1Z1068,Active,72,9447793787,General
32ABCDE6616F1Z1069,Active,71,9817636187,General
23ABCDE6728F1Z1070,Active,97,9451308587,General
22ABCDE6420F1Z1071,Active,71,9235782003,General
20ABCDE8549F1Z1072,Active,86,9882435481,General
28ABCDE7289F1Z1073,Active,70,9252214550,General
31ABCDE3798F1Z1074,Active,75,9899975129,General
35ABCDE7046F1Z1075,Active,86,9744248947,General
35ABCDE4343F1Z1076,Active,72,9895332125,General
35ABCDE8276F1Z1077,Active,81,9670148625,General
36ABCDE7838F1Z1078,Active,95,9835210846,General
11ABCDE6156F1Z1079,Active,91,9233150757,General
32ABCDE9565F1Z1080,Active,82,9585787552,General
33ABCDE2789F1Z1081,Active,73,9151799045,General
25ABCDE4204F1Z1082,Active,93,9902421890,General
18ABCDE1022F1Z1083,Active,85,9623378267,General
29ABCDE5072F1Z1084,Active,82,9305401612,General
19ABCDE4065F1Z1085,Active,91,9308178590,General
21ABCDE1042F1Z1086,Active,94,9580376478,General
17ABCDE4282F1Z1087,Active,73,9647434265,General
34ABCDE2538F1Z1088,Active,71,9120747157,General
16ABCDE3746F1Z1089,Active,79,9795419818,General
32ABCDE3626F1Z1090,Active,77,9109849488,General
13ABCDE1304F1Z1091,Active,83,9327544047,General
12ABCDE7479F1Z1092,Active,78,9811316068,General
20ABCDE4908F1Z1093,Active,91,9120664175,General
23ABCDE9228F1Z1094,Active,98,9618158913,General
18ABCDE5702F1Z1095,Active,100,9189761764,General
18ABCDE5634F1Z1096,Active,80,9412551568,General
26ABCDE9625F1Z1097,Active,96,9333119584,General
10ABCDE9725F1Z1098,Active,86,9818851882,General
28ABCDE9131F1Z1099,Active,100,9345452182,General
13ABCDE7342F1Z1100,Active,81,9278612364,General
25ABCDE8234F1Z1101,Active,81,9682680232,General
18ABCDE4223F1Z1102,Active,73,9205103767,General
27ABCDE7883F1Z1103,Active,79,9355821613,General
26ABCDE2287F1Z1104,Active,80,9627959821,General
35ABCDE3257F1Z1105,Active,76,9787895951,General
18ABCDE3479F1Z1106,Active,83,9479998149,General
24ABCDE9165F1Z1107,Active,83,9612071141,General
29ABCDE9836F1Z1108,Active,98,9781887339,General
28ABCDE4765F1Z1109,Active,72,9400124039,General
22ABCDE1168F1Z1110,Active,98,9639606794,General
11ABCDE2126F1Z1111,Active,77,9207565767,General
20ABCDE7829F1Z1112,Active,82,9904664556,General
13ABCDE8267F1Z1113,Active,83,9128126786,General
31ABCDE9311F1Z1114,Active,81,9185517915,General
33ABCDE9908F1Z1115,Active,96,9397339809,General
26ABCDE1062F1Z1116,Active,97,9859486491,General
23ABCDE1261F1Z1117,Active,74,9806887037,General
33ABCDE5749F1Z1118,Active,77,9327749030,General
15ABCDE8314F1Z1119,Active,82,9405203904,General
16ABCDE1321F1Z1120,Active,76,9833139258,General
25ABCDE4419F1Z1121,Active,70,9239904226,General
10ABCDE4341F1Z1122,Active,83,9997780227,General
21ABCDE6293F1Z1123,Active,74,9152669169,General
23ABCDE5185F1Z1124,Active,84,9647632800,General
36ABCDE9458F1Z1125,Active,74,9861351400,General
36ABCDE3233F1Z1126,Active,99,9123397472,General
34ABCDE7847F1Z1127,Active,70,9277449914,General
12ABCDE6252F1Z1128,Active,78,9733854637,General
22ABCDE9794F1Z1129,Active,83,9778797491,General
33ABCDE5290F1Z1130,Active,96,9432560777,General
16ABCDE4474F1Z1131,Active,71,9604369803,General
15ABCDE4484F1Z1132,Active,89,9510903553,General
28ABCDE1530F1Z1133,Active,79,9202274797,General
20ABCDE2385F1Z1134,Active,84,9200085821,General
13ABCDE3950F1Z1135,Active,97,9314946338,General
24ABCDE2133F1Z1136,Active,72,9989561706,General
29ABCDE8851F1Z1137,Active,97,9625260456,General
22ABCDE3151F1Z1138,Active,73,9870095305,General
19ABCDE1102F1Z1139,Active,98,9179568169,General
18ABCDE6384F1Z1140,Active,99,9383274034,General
32ABCDE7917F1Z1141,Active,100,9729960673,General
31ABCDE1569F1Z1142,Active,81,9585348518,General
27ABCDE1601F1Z1143,Active,83,9730478231,General
35ABCDE2550F1Z1144,Active,92,9907383939,General
29ABCDE5237F1Z1145,Active,70,9967015701,General
28ABCDE7416F1Z1146,Active,94,9203310121,General
36ABCDE4441F1Z1147,Active,81,9701129984,General
24ABCDE4081F1Z1148,Active,75,9452280446,General
25ABCDE8899F1Z1149,Active,80,9850536769,General
26ABCDE7837F1Z1150,Active,92,9407986491,General
20ABCDE9220F1Z1151,Active,94,9315002580,General
33ABCDE1229F1Z1152,Active,74,9794854799,General
25ABCDE8551F1Z1153,Active,83,9216945966,General
23ABCDE7612F1Z1154,Active,97,9763701248,General
22ABCDE2529F1Z1155,Active,74,9513604442,General
13ABCDE7105F1Z1156,Active,99,9687299080,General
11ABCDE2164F1Z1157,Active,71,9616977959,General
29ABCDE5934F1Z1158,Active,85,9303150287,General
14ABCDE5954F1Z1159,Active,92,9811601432,General
15ABCDE7342F1Z1160,Active,84,9861904377,General
18ABCDE5109F1Z1161,Active,84,9707948689,General
25ABCDE8409F1Z1162,Active,86,9939093377,General
28ABCDE8858F1Z1163,Active,85,9997385554,General
11ABCDE4953F1Z1164,Active,89,9302167463,General
19ABCDE6422F1Z1165,Active,74,9222828289,General
22ABCDE2816F1Z1166,Active,74,9494370575,General
21ABCDE7921F1Z1167,Active,72,9775628176,General
22ABCDE6373F1Z1168,Active,82,9373749808,General
15ABCDE7062F1Z1169,Active,71,9888041155,General
23ABCDE1863F1Z1170,Active,87,9419794550,General
24ABCDE2581F1Z1171,Active,93,9503259003,General
13ABCDE5880F1Z1172,Active,78,9785282647,General
19ABCDE8624F1Z1173,Active,82,9649228712,General
16ABCDE6185F1Z1174,Active,97,9608619464,General
23ABCDE6617F1Z1175,Active,99,9687165896,General
16ABCDE7885F1Z1176,Active,91,9490184918,General
35ABCDE1396F1Z1177,Active,95,9867356998,General
23ABCDE1540F1Z1178,Active,89,9435997540,General
20ABCDE3309F1Z1179,Active,79,9945349984,General
10ABCDE2392F1Z1180,Active,78,9715721627,General
14ABCDE7562F1Z1181,Active,70,9261683115,General
23ABCDE3374F1Z1182,Active,72,9878496492,General
12ABCDE2467F1Z1183,Active,97,9504494970,General
16ABCDE8096F1Z1184,Active,86,9850552097,General
32ABCDE4881F1Z1185,Active,71,9614025723,General
17ABCDE2928F1Z1186,Active,70,9919184464,General
33ABCDE1110F1Z1187,Active,94,9336224477,General
10ABCDE5607F1Z1188,Active,80,9101546524,General
29ABCDE2955F1Z1189,Active,71,9442047448,General
21ABCDE3898F1Z1190,Active,79,9759149624,General
35ABCDE4294F1Z1191,Active,74,9774563850,General
12ABCDE2142F1Z1192,Active,98,9255836579,General
14ABCDE6213F1Z1193,Active,83,9945750596,General
12ABCDE4800F1Z1194,Active,94,9451776247,General
35ABCDE9854F1Z1195,Active,93,9236046413,General
30ABCDE3150F1Z1196,Active,97,9509269416,General
21ABCDE2929F1Z1197,Active,84,9495074779,General
28ABCDE2170F1Z1198,Active,82,9560945318,General
29ABCDE7537F1Z1199,Active,75,9637337851,General
