Irn,SellerGstin,BuyerGstin,DocNo,DocDt,AssAmt,IgstAmt,TotalVal
2b89934e8d5f497088d8bfa11c7e8f0a,21ABCDE1578F1Z492,20ABCDE8432F1Z5,INV-1008,2023-04-24,266768.15,48018.27,314786.42000000004
fc21c83a655d4d22b4210238398c9de9,21ABCDE6211F1Z786,24ABCDE5728F1Z16,INV-1017,2023-08-16,120077.82,21614.01,141691.83000000002
7092296815f94a17a9e76d02d0be28a0,33ABCDE4013F1Z947,12ABCDE9263F1Z12,INV-1045,2023-12-30,363606.34,65449.14,429055.48000000004
f30c18326fca44b0a33c79764db452b0,13ABCDE6084F1Z1064,15ABCDE2773F1Z41,INV-1072,2023-12-29,487526.05,87754.69,575280.74
73e46bae10d547beb3cbfcad30c4f85a,16ABCDE8095F1Z621,14ABCDE4898F1Z43,MISSPELLED-123,2023-07-14,188928.99,34007.22,222936.21
e013f7323e93487b8036455048d52e23,07BBBBB8224B1Z357,33ABCDE6274F1Z1,INV-1194,2023-08-29,285747.91,51434.62,337182.52999999997
0681a559b553459eb3fd45dcdac31076,32ABCDE2670F1Z119,33ABCDE2626F1Z49,INV-1246,2023-07-08,416563.44,74981.42,491544.86
f24cbd24418041dda2a2517cd42b13af,07BBBBB3766B1Z465,24ABCDE5728F1Z16,INV-1288,2023-08-02,406186.76,73113.62,479300.38
1e55aa960e3b4eb391c5f2d1ac75cc34,07BBBBB9068B1Z134,12ABCDE2824F1Z29,INV-1313,2023-10-16,206616.64,37191.0,243807.64
520d292fc33847ed8adeb69794b87143,35ABCDE6775F1Z1039,32ABCDE7693F1Z8,INV-1323,2023-09-22,265103.93,47718.71,312822.64
5bb84d6dce5c426a92348ca59f5f8a01,29ABCDE7072F1Z797,18ABCDE1814F1Z2,INV-1328,2023-11-14,99957.18,17992.29,117949.47
b4fe25ff46c9453b81f67b2abd02a281,33ABCDE9918F1Z99,33ABCDE2626F1Z49,INV-1331,2024-01-11,322729.75,58091.35,380821.1
1e921166461c431eb09c8a97780baa51,15ABCDE5767F1Z195,35ABCDE5420F1Z38,INV-1346,2023-11-15,123360.66,22204.92,145565.58000000002
71bbb74c8a2e441e86cd13af8ae406da,28ABCDE6266F1Z1029,16ABCDE2783F1Z11,INV-1420,2023-04-17,439780.6,79160.51,518941.11
ce40f917ef854eaaa9929fcc7ef17b9b,23ABCDE2626F1Z69,33ABCDE6274F1Z1,INV-1460,2023-04-02,141772.62,25519.07,167291.69
e08761f3a6ce4cf59c5c8ba32b6583f9,35ABCDE7124F1Z290,27ABCDE6371F1Z47,INV-1462,2023-04-21,377614.35,67970.58,445584.93
f92c505f78254542b3fb3ff54104181c,33ABCDE5749F1Z1118,35ABCDE4671F1Z18,INV-1502,2023-12-15,347369.92,62526.59,409896.51
3a33dc81d06e41ec9a24c4af96bd3d06,24ABCDE4610F1Z462,12ABCDE9263F1Z12,INV-1528,2023-05-06,426343.77,76741.88,503085.65
4bb75836cfb440fbb8b766626056ae0b,33ABCDE4255F1Z237,33ABCDE6274F1Z1,INV-1563,2023-11-28,480218.83,86439.39,566658.22
4f3234480f9d46adb6414f2f861eb014,19ABCDE2666F1Z1003,27ABCDE6878F1Z44,INV-1640,2023-09-20,175467.18,31584.09,207051.27
58d02bf47167460d852cedd16f0fbb7e,13ABCDE3488F1Z63,26ABCDE4287F1Z21,INV-1645,2023-10-12,87837.9,15810.82,103648.72
d4dbbb3b3f144fa0a0ed23440397fcd1,19ABCDE6081F1Z546,27ABCDE2814F1Z6,INV-1662,2023-09-10,220329.82,39659.37,259989.19
45bffe0ca8624090992bf4905b397315,13ABCDE3199F1Z27,13ABCDE1278F1Z36,INV-1696,2023-04-04,447417.17,80535.09,527952.26
5c39f43a36ca4a82afaa1211c9f71abb,27ABCDE5718F1Z391,20ABCDE8432F1Z5,INV-1742,2024-01-23,61861.5,11135.07,72996.57
47214bf2281e4b80a540b9dedd9ace17,23ABCDE1864F1Z422,33ABCDE3742F1Z33,INV-1763,2023-12-25,333310.6,59995.91,393306.51
39406016ec464171865827c300113e61,28ABCDE2086F1Z614,25ABCDE8939F1Z26,INV-1842,2023-11-19,159596.72,28727.41,188324.13
32f8da3fef19419885d6a54f4cbfb028,10ABCDE2632F1Z250,30ABCDE7513F1Z15,INV-1844,2023-05-02,66421.58,11955.88,78377.46
9d2b0240ae7545278fb8154e0323d715,07BBBBB5182B1Z488,12ABCDE9263F1Z12,INV-1972,2023-06-01,219779.92,39558.59,259328.51
74d63f5c26d1442f820d9b0067c97c89,25ABCDE4204F1Z1082,21ABCDE9896F1Z45,INV-1983,2023-07-15,447478.77,80546.18,528024.95
cbc8096e745a452ea36f3e491871cec6,25ABCDE8899F1Z1149,33ABCDE6704F1Z39,INV-2019,2024-01-24,410386.16,73869.51,484255.67
9bd36e8c6fc24e00a179685c88cfe204,36ABCDE4441F1Z1147,20ABCDE8432F1Z5,INV-2041,2023-08-17,159445.94,28700.27,188146.21
244c8a9da271496989c95b3cdffa6a99,18ABCDE5109F1Z1161,33ABCDE2626F1Z49,INV-2073,2023-10-12,337795.21,60803.14,398598.35000000003
bd8d8df4f50049f580c8ea66147f3e6a,10ABCDE2230F1Z259,25ABCDE8939F1Z26,INV-2165,2023-11-18,68023.72,12244.27,80267.99
1fd121c1d13546759fa4dfd88fc1ed9b,26ABCDE1062F1Z1116,35ABCDE4671F1Z18,INV-2167,2023-09-19,81849.83,14732.97,96582.8
c29d37d95f814a8c865b0dc9bdbc7beb,36ABCDE9385F1Z867,26ABCDE4287F1Z21,INV-2172,2023-07-19,364476.6,65605.79,430082.38999999996
68ca401541e44ff8841cab2e8cade42d,19ABCDE7623F1Z974,17ABCDE6687F1Z19,INV-2243,2023-12-23,65303.43,11752.82,77046.25
e51aa87576704787a9f54d8363e65c5f,29ABCDE5237F1Z1145,16ABCDE2783F1Z11,INV-2258,2023-06-02,373233.86,67182.09,440415.94999999995
271b64fb2a4e4c21bc188348dbe3872d,27ABCDE7203F1Z715,35ABCDE6794F1Z24,INV-2276,2023-07-05,272703.81,49086.69,321790.5
4dcc14095214415d9efcf3d41427aa3f,20ABCDE4702F1Z513,33ABCDE2626F1Z49,INV-2280,2023-05-02,363990.96,65516.57,429497.53
7ca51171f226417c9c89e90b1c55f38a,30ABCDE4266F1Z130,35ABCDE4671F1Z18,INV-2316,2023-08-19,325605.62,58609.01,384214.63
1521bae226314939bd646116f5ec6f81,28ABCDE4249F1Z191,31ABCDE7167F1Z32,INV-2326,2023-08-01,272069.13,48970.64,321029.77
60e8e5fce70848a2bb2b25f360bfabb3,07BBBBB7380B1Z76,20ABCDE8432F1Z5,INV-2334,2023-08-02,308168.01,55470.24,363638.25
5d4d90e8cc2a4b029b61675574be9a25,16ABCDE7568F1Z634,25ABCDE1216F1Z7,INV-2352,2023-11-11,363968.43,65514.32,429482.75
8cb06bbc3925416ca05116eae69d9775,13ABCDE5880F1Z1172,27ABCDE6371F1Z47,INV-2353,2023-06-05,365921.98,65865.96,431787.94
4a0a3d51dd764efb9838351737a6e2b9,28ABCDE3737F1Z608,12ABCDE2824F1Z29,INV-2378,2023-04-14,106069.33,19092.48,125161.81
f851ea1634d94936b59e748213a58104,16ABCDE4040F1Z912,19ABCDE2700F1Z42,MISSPELLED-123,2023-07-08,143766.79,25878.02,169644.81
0193bd774ff340689b8547ff7822d3dc,35ABCDE5639F1Z765,33ABCDE6274F1Z1,INV-2452,2023-06-06,63887.3,11499.71,75387.01000000001
05d4aec271704cc29231b70fced2479a,36ABCDE7356F1Z716,23ABCDE9697F1Z23,INV-2473,2023-10-01,110450.75,19881.13,130331.88
e82e8036d57040b9813a139156d690fa,13ABCDE2701F1Z553,25ABCDE8939F1Z26,INV-2581,2023-10-03,236978.12,42656.06,279634.18
9a11d8e45105421f8a19e2d160a3aacb,19ABCDE3312F1Z193,22ABCDE6648F1Z3,MISSPELLED-123,2023-11-02,334548.88,60218.8,394767.68
a5fa79e64fed413fbe3490ea9124fe18,23ABCDE9228F1Z1094,35ABCDE6794F1Z24,INV-2673,2024-01-11,297054.91,53469.88,350524.79
d62e6a88a90a43f7ba4e404ae4e7ddcc,35ABCDE4671F1Z18,19ABCDE2700F1Z42,INV-2711,2023-04-26,106291.97,19132.55,125424.52
b5cb715efb7248bdad2e0416a9380c69,23ABCDE2439F1Z228,20ABCDE9440F1Z34,INV-2712,2023-08-04,424763.44,76457.42,501220.86
fd82eb077b5740f58e425f06e50bf3a2,25ABCDE8234F1Z1101,29ABCDE3989F1Z31,INV-2729,2023-07-19,479826.55,86368.78,566195.33
20032c2bad684707bbcc315b3569fda6,07BBBBB3013B1Z298,11ABCDE5920F1Z25,INV-2765,2023-06-21,142151.16,25587.21,167738.37
d94d5bc26eaa4eac8725f6c5075f9415,33ABCDE5912F1Z241,17ABCDE6687F1Z19,INV-2797,2023-04-11,225074.87,40513.48,265588.35
1aea40a96ceb40678557a9939b4f0b2c,07BBBBB2647B1Z69,29ABCDE7299F1Z30,INV-2830,2023-08-29,170612.15,30710.19,201322.34
e4c505e4b4884aaf809dee55c25d8578,26ABCDE1891F1Z14,36ABCDE7412F1Z22,INV-2880,2023-08-28,99266.02,17867.88,117133.90000000001
d3735ecbe89f4239858e801e42ffbf84,21ABCDE1042F1Z1086,27ABCDE2814F1Z6,INV-2914,2023-12-04,363238.71,65382.97,428621.68000000005
3ab1da3334c24013845f2de11c4bc4ff,13ABCDE9667F1Z756,35ABCDE6794F1Z24,INV-2963,2023-05-15,344872.7,62077.09,406949.79000000004
44b1dcca9393454d9b82121cd93231c4,23ABCDE8791F1Z238,11ABCDE9399F1Z46,INV-3030,2023-08-07,118378.24,21308.08,139686.32
8b11d3ddb44e4cf293eb65874f14f32e,16ABCDE1567F1Z528,14ABCDE4898F1Z43,INV-3055,2024-01-21,142740.59,25693.31,168433.9
6e1e0d77b3e44cd5bc62dea40753f3bd,28ABCDE6130F1Z306,11ABCDE9399F1Z46,INV-3089,2023-07-09,123170.09,22170.62,145340.71
579844ead267478aa9eb6aa6117db305,31ABCDE1856F1Z460,18ABCDE3334F1Z13,INV-3105,2023-08-11,497917.28,89625.11,587542.39
bd466e6427b34efc80405e00fdb328d9,20ABCDE4362F1Z821,29ABCDE3989F1Z31,INV-3170,2023-05-20,251405.75,45253.03,296658.78
b1aeba8dc9144dfeb6ba0b15bd2f5630,20ABCDE7829F1Z1112,27ABCDE6371F1Z47,INV-3174,2023-08-12,458918.24,82605.28,541523.52
9a08af6c2ba8403c9da24b70005b97c3,35ABCDE5529F1Z877,33ABCDE2626F1Z49,INV-3177,2023-08-26,65679.97,11822.39,77502.36
86147885f6e44c468feac100edbddd7f,07BBBBB2367B1Z463,13ABCDE1278F1Z36,INV-3213,2023-12-05,493004.82,88740.87,581745.69
fe37a24877574959bbfe6620c921fb8e,27ABCDE7919F1Z812,20ABCDE8432F1Z5,INV-3223,2023-06-18,404535.95,72816.47,477352.42000000004
5f6057ce712b4a6aba70d8bed4f8ea37,30ABCDE8830F1Z1000,33ABCDE6704F1Z39,INV-3408,2023-12-10,489470.57,88104.7,577575.27
53d5e2caf32646178bc3ac85d8abb477,35ABCDE7753F1Z809,12ABCDE2824F1Z29,INV-3418,2024-01-23,50996.31,9179.34,60175.649999999994
48dc602fae4f46df874981ad2b30c3c8,23ABCDE2626F1Z69,35ABCDE6794F1Z24,INV-3429,2023-10-28,336411.84,60554.13,396965.97000000003
400ec9e15cce4389ad441e8a7a4b8e6b,32ABCDE7818F1Z994,29ABCDE1885F1Z37,INV-3436,2023-06-01,352433.36,63438.0,415871.36
cc2970818fd44e98950c0d4aba1bd4b6,23ABCDE6617F1Z1175,14ABCDE4898F1Z43,INV-3451,2023-06-28,81706.33,14707.14,96413.47
5ac1d1a2000c41f1813da0fb62f84757,19ABCDE7173F1Z143,35ABCDE6794F1Z24,INV-3472,2023-12-06,359924.47,64786.4,424710.87
7651363f5a794f9489da206cbe0efdbc,30ABCDE5381F1Z784,35ABCDE6794F1Z24,MISSPELLED-123,2023-12-15,389711.98,70148.16,459860.14
613b73319e9845a9afb54547f4efabd3,29ABCDE5589F1Z999,32ABCDE7693F1Z8,INV-3529,2024-01-25,231721.45,41709.86,273431.31
6a5079a9713148a88c47e0922ffc60a2,19ABCDE4250F1Z673,26ABCDE1891F1Z14,INV-3539,2023-04-02,411603.26,74088.59,485691.85
7d561f8be06e4231bc21d2220b0af522,34ABCDE2531F1Z501,23ABCDE9697F1Z23,INV-3560,2023-07-20,256442.39,46159.63,302602.02
47ea1a10219a4cfe8d0769c014f67129,34ABCDE7901F1Z854,13ABCDE3199F1Z27,INV-3594,2023-07-29,273191.75,49174.51,322366.26
9c7a7415105a45d69370d626b6da8258,19ABCDE1403F1Z120,14ABCDE8703F1Z4,INV-3620,2023-12-19,449606.5,80929.17,530535.67
2dc9958bada7472e9dca3cab593f685e,16ABCDE5248F1Z978,35ABCDE4671F1Z18,INV-3653,2023-07-25,468768.2,84378.28,553146.48
bc7a05ccef0540f0b0c92b3bb027b46b,35ABCDE7011F1Z601,27ABCDE6371F1Z47,INV-3693,2024-01-08,228122.27,41062.01,269184.27999999997
8e45520ee1a542b085f9ac6da1248b19,28ABCDE2013F1Z223,31ABCDE7167F1Z32,INV-3701,2023-10-17,103645.63,18656.21,122301.84
27a8024d9ba94af0b2487379c901bf1e,28ABCDE2086F1Z614,35ABCDE6794F1Z24,INV-3712,2023-10-06,437132.64,78683.88,515816.52
206e4962bced4603adb7350899fa64a7,26ABCDE7536F1Z425,33ABCDE3742F1Z33,INV-3749,2023-08-27,410159.43,73828.7,483988.13
12ddc1f9e3d94baabd29a7f3176b3aba,32ABCDE7693F1Z8,33ABCDE2626F1Z49,INV-3762,2023-04-24,166253.19,29925.57,196178.76
3718536c57e04b08882df7da6ef66145,07BBBBB8823B1Z287,17ABCDE6687F1Z19,INV-3812,2023-12-17,496798.31,89423.7,586222.01
d8de3ef340f24bdcb2000c9db1754d9f,31ABCDE6203F1Z973,25ABCDE1216F1Z7,INV-3825,2023-11-23,241906.9,43543.24,285450.14
a0c9eef7f86c4e269d5ab320a69b8be5,24ABCDE7103F1Z533,20ABCDE8432F1Z5,INV-3833,2023-09-05,368549.5,66338.91,434888.41000000003
fb06730d55d246699db90844ca8ae45b,11ABCDE2304F1Z864,31ABCDE7167F1Z32,INV-3968,2023-06-29,462454.95,83241.89,545696.84
573436ef9e784ce58460b22da1893d02,10ABCDE2230F1Z259,12ABCDE5551F1Z35,INV-4022,2023-06-21,292128.43,52583.12,344711.55
e72c95aa8ae24192bfb429e8df5ee86b,29ABCDE9226F1Z229,12ABCDE2824F1Z29,INV-4053,2023-06-19,238144.95,42866.09,281011.04000000004
61f97d8a5f2944749207ce51c421ed75,26ABCDE6753F1Z858,26ABCDE4287F1Z21,INV-4057,2023-05-20,331613.19,59690.37,391303.56
2b201b7f45d6407a9eed9def6dd62485,11ABCDE9454F1Z335,27ABCDE2814F1Z6,INV-4067,2023-11-30,147838.86,26610.99,174449.84999999998
89e3aeaa99c84034a1ef3ac22ddb1ed8,30ABCDE4512F1Z845,16ABCDE2783F1Z11,INV-4100,2023-08-08,446651.98,80397.36,527049.34
8efe916c043e470d86c71ea2751ea654,19ABCDE3449F1Z456,26ABCDE1891F1Z14,INV-4130,2023-12-10,93884.92,16899.29,110784.20999999999
8ed678c0a9494876b4123210a58b1545,31ABCDE9122F1Z398,35ABCDE5420F1Z38,INV-4205,2023-05-12,201937.17,36348.69,238285.86000000002
4d17c627c8df4c809b48a27e823342df,22ABCDE1168F1Z1110,29ABCDE7299F1Z30,INV-4233,2023-09-09,342793.49,61702.83,404496.32
d605f1967ad34f61b55d3cf1af3d6b42,29ABCDE9837F1Z244,13ABCDE3199F1Z27,INV-4292,2023-12-17,329987.96,59397.83,389385.79000000004
c65309d0edc64eb5b5ce2b220721c000,20ABCDE4908F1Z1093,13ABCDE3199F1Z27,INV-4310,2023-05-31,244120.12,43941.62,288061.74
fab28645fdc04501861a8f406b3dd177,17ABCDE9303F1Z58,29ABCDE3989F1Z31,INV-4345,2023-06-21,155622.09,28011.98,183634.07
628e530ed8d34ca7a1c850bf14148bee,22ABCDE5239F1Z328,23ABCDE9697F1Z23,INV-4364,2023-11-25,392076.84,70573.83,462650.67000000004
9b818c5d4b884acf9cb96a60ae116a80,07BBBBB1159B1Z265,27ABCDE6878F1Z44,INV-4405,2024-01-15,128205.05,23076.91,151281.96
1781c808e6794999a4ad2de48b88e846,10ABCDE7755F1Z322,25ABCDE1216F1Z7,INV-4408,2023-06-13,303527.09,54634.88,358161.97000000003
39ef2bbd2f624a289a04cb557e000b96,07BBBBB5190B1Z443,29ABCDE1885F1Z37,INV-4421,2023-05-20,238606.55,42949.18,281555.73
b19d9f9959cc4535a9fde5fc9dd8ec70,07BBBBB3059B1Z205,20ABCDE8432F1Z5,INV-4470,2023-04-23,291251.37,52425.25,343676.62
510e3cdc25b746db8eab7a1d16a92c4f,33ABCDE4695F1Z1028,18ABCDE3334F1Z13,INV-4471,2023-08-17,372356.77,67024.22,439380.99
705bdba444ec416e87a8c627e3bff93a,35ABCDE5714F1Z331,26ABCDE7298F1Z10,INV-4495,2024-01-05,242947.98,43730.64,286678.62
68c55d491b4a487199406ac29c00f985,20ABCDE3438F1Z283,36ABCDE7412F1Z22,INV-4561,2024-01-24,201968.34,36354.3,238322.64
7f1edbe368b94385872834fb90f75ef0,19ABCDE6366F1Z907,35ABCDE9331F1Z9,INV-4577,2023-10-18,430416.42,77474.96,507891.38
496a4492cbf9458d85672e8d78585308,18ABCDE4534F1Z392,22ABCDE6648F1Z3,INV-4654,2023-06-29,158552.38,28539.43,187091.81
624741e090c44b0bba913d755b19e636,33ABCDE1229F1Z1152,16ABCDE8074F1Z40,INV-4694,2023-07-15,81157.51,14608.35,95765.86
394d982645e04e35be056726d2dea3ae,07BBBBB7054B1Z216,18ABCDE3334F1Z13,INV-4698,2023-11-15,462313.99,83216.52,545530.51
ad2056444b9943248b1b962beb764fbe,11ABCDE1137F1Z488,27ABCDE6878F1Z44,INV-4715,2023-12-25,298050.71,53649.13,351699.84
48d0b91a8cd849eca496fa6ccaf9a73b,14ABCDE3531F1Z258,17ABCDE6687F1Z19,INV-4746,2023-07-22,456948.86,82250.79,539199.65
f4db232555244b6598816a4388693e4e,07BBBBB7555B1Z124,26ABCDE4287F1Z21,INV-4789,2023-05-02,82178.32,14792.1,96970.42000000001
1d6cdf90950f437db1c6ac39cf444d2d,18ABCDE3780F1Z742,12ABCDE2824F1Z29,MISSPELLED-123,2023-07-15,418756.59,75376.19,494132.78
6572ecdf742d4fecbbe93567e5ee3645,31ABCDE1837F1Z990,29ABCDE7299F1Z30,INV-4878,2023-04-04,362294.63,65213.03,427507.66000000003
24ed60d375a34786b914edb6aec11bb1,20ABCDE6941F1Z298,14ABCDE4898F1Z43,INV-4881,2023-06-21,103792.94,18682.73,122475.67
50b95eb3b3c742e0aef44eab8ea825b9,07BBBBB8917B1Z380,22ABCDE6648F1Z3,INV-4899,2023-06-29,468334.76,84300.26,552635.02
b3972f314eec40a4a1a30abc222ecb96,15ABCDE5502F1Z1046,26ABCDE1891F1Z14,INV-4901,2023-06-24,112649.45,20276.9,132926.35
fa4e4e91a2284ce981356a0b4c098ae2,07BBBBB6647B1Z114,29ABCDE1885F1Z37,INV-4919,2023-11-13,477889.61,86020.13,563909.74
b70df3f300574299abb60ef0161ecabc,25ABCDE4372F1Z998,20ABCDE8432F1Z5,INV-4979,2023-08-16,377388.26,67929.89,445318.15
c66bac5ab5f844888366632768b6f9fb,13ABCDE7151F1Z470,12ABCDE9263F1Z12,INV-5009,2023-05-12,110548.43,19898.72,130447.15
2d7c4860d20646f29e08d3c416b2d9d5,20ABCDE3438F1Z283,35ABCDE5420F1Z38,INV-5098,2023-09-23,456034.41,82086.19,538120.6
b723227c6b3e456f82fea7f0a533e06b,24ABCDE2581F1Z1171,31ABCDE8067F1Z20,INV-5183,2023-12-28,115830.02,20849.4,136679.42
13dd5211c69f441f89536b1f4de549a4,21ABCDE1160F1Z451,32ABCDE7693F1Z8,INV-5191,2024-01-22,355378.57,63968.14,419346.71
07faac83b4924b5e9899e931a13724d8,16ABCDE6562F1Z567,36ABCDE7412F1Z22,INV-5204,2023-09-17,406419.14,73155.45,479574.59
66e14ec9f7bb48f19da5345e71453d48,11ABCDE9096F1Z1057,18ABCDE1814F1Z2,INV-5229,2023-12-03,115625.87,20812.66,136438.53
858e083c74fc43e2b45fbdda6ac8fc6e,23ABCDE1863F1Z1170,33ABCDE6274F1Z1,INV-5265,2023-09-17,236355.48,42543.99,278899.47000000003
503bbb6233d84269b4c5380f93d25f3c,07BBBBB6853B1Z322,18ABCDE9015F1Z48,INV-5266,2023-10-16,275909.37,49663.69,325573.06
1023019964514efea6c74fe08c2df6ea,14ABCDE5687F1Z126,35ABCDE9331F1Z9,INV-5301,2023-09-10,169359.73,30484.75,199844.48
354599e406de41aeb66a75c06ae05c5c,15ABCDE8314F1Z1119,33ABCDE6274F1Z1,INV-5327,2023-08-30,427321.18,76917.81,504238.99
8349440560b043f596fd27962101f5ef,07BBBBB9864B1Z426,33ABCDE6704F1Z39,INV-5338,2023-06-25,317157.53,57088.36,374245.89
9cb2d344f9254d1e9c36f617d3b57909,16ABCDE5248F1Z978,21ABCDE9896F1Z45,INV-5373,2023-04-29,404277.17,72769.89,477047.06
c15a1b01f8784b9aa8ed17206686f22c,14ABCDE2846F1Z566,12ABCDE9263F1Z12,INV-5406,2023-12-09,332402.42,59832.44,392234.86
e36bab29a8d34847aef7f5e8663ece5d,27ABCDE1740F1Z236,33ABCDE6274F1Z1,INV-5430,2023-04-15,483932.24,87107.8,571040.04
c182a9be40c9404db4f9cc976f69b3e7,07BBBBB1539B1Z498,29ABCDE7299F1Z30,INV-5433,2023-08-17,221337.75,39840.79,261178.54
dc950e6d1c4948f488f34b0951278542,30ABCDE4684F1Z830,15ABCDE2773F1Z41,INV-5438,2024-01-21,196557.06,35380.27,231937.33
4ec201fd6d9342cd9f41c543ab131d23,29ABCDE7299F1Z30,23ABCDE9697F1Z23,INV-5467,2023-06-05,298377.89,53708.02,352085.91000000003
8084028a0975404d8233cfb1efbba2c0,23ABCDE1961F1Z868,22ABCDE6648F1Z3,INV-5492,2023-06-26,52901.07,9522.19,62423.26
fcc32daf8b414f20bbbaf7c181f99b1e,11ABCDE9454F1Z335,12ABCDE9263F1Z12,INV-5493,2023-10-20,62120.2,11181.64,73301.84
d720b573003c4ba5ab2a6ee0248def0d,19ABCDE6366F1Z907,27ABCDE6878F1Z44,INV-5498,2023-06-30,53638.44,9654.92,63293.36
ba953981ec1c4661b2c35da409d6046d,29ABCDE8917F1Z909,18ABCDE1814F1Z2,INV-5576,2023-04-24,216874.53,39037.42,255911.95
3f5f35b93ea744f39d54cb7d6c852900,15ABCDE6330F1Z904,24ABCDE5728F1Z16,INV-5579,2023-06-19,332087.31,59775.72,391863.03
3e8c1f8eb1464c89a8256f0aa9c9e37f,30ABCDE3864F1Z976,35ABCDE9331F1Z9,INV-5614,2023-10-25,55916.88,10065.04,65981.92
b014c73a7d0a442a915bce42b5c7e17e,31ABCDE1569F1Z1142,32ABCDE7693F1Z8,INV-5681,2023-08-16,57800.11,10404.02,68204.13
b5c4f172465f4f4a987dc801fd064bd1,29ABCDE3989F1Z31,25ABCDE1216F1Z7,INV-5695,2023-09-14,332905.32,59922.96,392828.28
b5fe7ff6297b426fb0427e2be364dcbe,13ABCDE2951F1Z354,25ABCDE1216F1Z7,INV-5720,2024-01-06,422414.03,76034.53,498448.56000000006
25bbfa00e2e74d52af30b865ff9252f0,27ABCDE2953F1Z388,20ABCDE9440F1Z34,INV-5732,2023-08-07,416521.38,74973.85,491495.23
656dae5967e84b39bc3f20488ec6cc4c,34ABCDE8159F1Z965,13ABCDE1278F1Z36,INV-5756,2023-08-08,289984.03,52197.13,342181.16000000003
5ffee9bde69e43eca8796bb019cdcd6a,26ABCDE2287F1Z1104,35ABCDE9331F1Z9,INV-5837,2023-07-08,385185.72,69333.43,454519.14999999997
47161f76623f4c4db5bbe225e56df2a6,16ABCDE5979F1Z1026,26ABCDE7298F1Z10,INV-5946,2023-10-10,139450.3,25101.05,164551.34999999998
9b57e1497abc437ea8c21bb76c49de4b,25ABCDE1666F1Z738,14ABCDE4898F1Z43,INV-5949,2023-07-02,438407.54,78913.36,517320.89999999997
f952d6945d374e49a58bae9b6f930299,23ABCDE6728F1Z1070,25ABCDE1216F1Z7,INV-5953,2023-07-14,128139.29,23065.07,151204.36
0ceca3ade9d24f45a275d4da0a8aa6c4,31ABCDE7167F1Z32,12ABCDE9263F1Z12,INV-5971,2023-06-24,337452.31,60741.42,398193.73
c5e733b30f05459193902564120aeafb,27ABCDE7883F1Z1103,23ABCDE9697F1Z23,INV-6015,2023-11-18,364311.86,65576.13,429887.99
c5cae9137ae84efa8052075f261da8fa,29ABCDE9226F1Z229,29ABCDE3989F1Z31,INV-6023,2023-07-01,385304.31,69354.78,454659.08999999997
6290b0570d4a4b5ea6e7003fc073a98f,23ABCDE6545F1Z922,17ABCDE6687F1Z19,INV-6029,2023-07-03,493233.88,88782.1,582015.98
ec7f8d7aa10d44c5a47b955ca113eae7,32ABCDE6645F1Z67,18ABCDE3334F1Z13,MISSPELLED-123,2023-11-04,85542.98,15395.94,100928.92
10ec83be7d3c45ee844847e77bc51fb7,10ABCDE4034F1Z534,21ABCDE9896F1Z45,INV-6075,2023-07-24,102974.09,18535.34,121509.43
bc325fdc54e5484480b3d731cb6b55dc,29ABCDE9884F1Z374,35ABCDE4671F1Z18,INV-6109,2023-11-13,188332.05,33899.77,222231.81999999998
a6f68650e13e4c4f878a25463f0fd58e,21ABCDE1042F1Z1086,35ABCDE6794F1Z24,INV-6121,2023-06-25,407844.26,73411.97,481256.23
78c5b0aedc3143f48b6c6c4116326e42,25ABCDE6399F1Z97,26ABCDE4287F1Z21,INV-6122,2023-10-22,84785.06,15261.31,100046.37
8cfe133a7260466eb2238692226cb1b5,30ABCDE8231F1Z639,16ABCDE8074F1Z40,INV-6176,2023-08-02,250624.83,45112.47,295737.3
bf65f81a7391497cb66ddc08215baf98,28ABCDE3737F1Z608,18ABCDE9015F1Z48,INV-6205,2023-07-10,434835.13,78268.52,513093.65
e83e3deea25d4a2884d7d76d0bedb16e,21ABCDE6211F1Z786,13ABCDE1278F1Z36,INV-6301,2023-11-01,249729.39,44951.29,294680.68
c697f3c53cb644b789fff38f34953b17,27ABCDE3598F1Z728,16ABCDE2783F1Z11,INV-6309,2023-08-15,159000.9,28620.16,187621.06
5111bb06c59e49a9a63a332887208799,27ABCDE3598F1Z728,11ABCDE5920F1Z25,INV-6342,2023-12-01,284052.56,51129.46,335182.02
058134d1a9254f7d9f525df25a8d5ae0,28ABCDE4010F1Z917,25ABCDE8939F1Z26,INV-6356,2023-11-04,118975.35,21415.56,140390.91
8b079f9025774b0b85a176ce168e6e18,28ABCDE4010F1Z917,32ABCDE7693F1Z8,MISSPELLED-123,2024-01-11,377598.66,67967.76,445566.42
e6e729f214214dba87d41b0109f0614b,07BBBBB7927B1Z468,33ABCDE6274F1Z1,INV-6373,2023-10-09,191276.54,34429.78,225706.32
3d2445fe3cd543bbbc1fc1622d75307f,23ABCDE7990F1Z475,13ABCDE1278F1Z36,INV-6409,2023-07-07,422510.81,76051.95,498562.76
9dca1314131b43dfb9c365130e06837e,33ABCDE6633F1Z631,31ABCDE4676F1Z28,INV-6463,2023-10-28,315743.06,56833.75,372576.81
7f448f48860a44dcbb8928c3690c40f4,14ABCDE9891F1Z707,30ABCDE6530F1Z17,INV-6547,2023-11-28,323639.01,58255.02,381894.03
6f4608737bf54e408cf4c94d87bf9974,07BBBBB2026B1Z18,11ABCDE5920F1Z25,MISSPELLED-123,2023-10-02,459838.46,82770.92,542609.38
6723ba2d1d87403186cd00af7405fb96,13ABCDE8879F1Z881,27ABCDE2814F1Z6,INV-6613,2023-07-30,223267.04,40188.07,263455.11
ca955e28d961425d9f1e7714ca33c91a,17ABCDE9252F1Z108,33ABCDE6274F1Z1,INV-6631,2023-10-14,159461.51,28703.07,188164.58000000002
48262cd3ec4b4c55829e480d475c0974,34ABCDE4502F1Z972,36ABCDE7412F1Z22,INV-6639,2023-10-16,226676.95,40801.85,267478.8
2ca353a28d814068ba908cae03a4195b,29ABCDE9213F1Z98,35ABCDE4671F1Z18,INV-6666,2024-01-11,376745.58,67814.2,444559.78
4bca51e9f302424eaa89890bb01b09f6,14ABCDE5616F1Z269,30ABCDE7513F1Z15,INV-6671,2023-12-31,106115.89,19100.86,125216.75
e6be7664ed4b4076acc9689e669ed5ff,17ABCDE1295F1Z955,15ABCDE2773F1Z41,INV-6709,2023-08-20,436766.07,78617.89,515383.96
7817a08be90b4c3ea02207793f4e7474,35ABCDE6775F1Z1039,22ABCDE6648F1Z3,INV-6714,2023-12-16,376596.58,67787.38,444383.96
88a8193931944d44b1175a623dec9718,23ABCDE6617F1Z1175,29ABCDE7299F1Z30,INV-6718,2023-12-22,81849.06,14732.83,96581.89
4c9f3a2496714a948e41b6808fa7f690,29ABCDE2567F1Z246,25ABCDE1216F1Z7,INV-6720,2023-07-29,375347.99,67562.64,442910.63
fd228618c2e74d19a2c4d17af8da3ae3,29ABCDE9845F1Z945,24ABCDE5728F1Z16,INV-6733,2024-01-20,397185.12,71493.32,468678.44
b408dbb4d96e428d87d2e3694e3c92d9,29ABCDE9837F1Z244,33ABCDE6274F1Z1,INV-6744,2023-04-09,250058.01,45010.44,295068.45
d395a6a171b04f58abb58d2f2f18f323,30ABCDE5381F1Z784,12ABCDE5551F1Z35,INV-6770,2023-07-21,58960.81,10612.95,69573.76
dcd20c6f106f49abac29dcac8bd35864,14ABCDE9777F1Z703,26ABCDE7298F1Z10,INV-6789,2023-08-04,158252.13,28485.38,186737.51
cfecac4ea22a4d0cb7ac97f3a822bf3a,32ABCDE6190F1Z273,29ABCDE7299F1Z30,INV-6798,2023-05-20,208871.12,37596.8,246467.91999999998
065c744d958e4f20a2cde67bff3c959f,12ABCDE9551F1Z308,14ABCDE8703F1Z4,INV-6803,2023-08-04,89053.09,16029.56,105082.65
a0b3c73d973c4284b9dfeeab707fe1f9,11ABCDE3591F1Z555,35ABCDE9331F1Z9,INV-6809,2023-06-22,60179.71,10832.35,71012.06
c9a3a91bd44e4593a393d316bf23bf34,25ABCDE7716F1Z219,25ABCDE1216F1Z7,INV-6814,2023-07-14,301126.58,54202.78,355329.36
99d920fc799a42c1b63e1370c370e500,25ABCDE1216F1Z7,32ABCDE7693F1Z8,INV-6827,2023-11-10,256987.28,46257.71,303244.99
74d33614662a4b0498655a27500ca6cf,29ABCDE9213F1Z98,14ABCDE8703F1Z4,INV-6859,2023-06-09,400275.44,72049.58,472325.02
2ae8cdf4a76541d5b64b659b09e33295,35ABCDE3257F1Z1105,31ABCDE4676F1Z28,INV-7017,2023-07-04,425328.69,76559.16,501887.85
e578348325254392bbf74df2aeb4ddf3,13ABCDE8839F1Z161,25ABCDE1216F1Z7,INV-7088,2023-10-10,140964.87,25373.68,166338.55
73c1ad906c5842f4bbd802e5367ec279,07BBBBB1510B1Z161,12ABCDE9263F1Z12,INV-7110,2023-08-02,109078.6,19634.15,128712.75
bf88fbe7bcd44cf397a5fc23dea5f14e,26ABCDE5038F1Z1047,13ABCDE1278F1Z36,INV-7124,2023-07-06,449179.6,80852.33,530031.9299999999
8cb45ff4fa624f9190baaeff4e79c78b,18ABCDE2874F1Z642,26ABCDE7298F1Z10,INV-7157,2023-12-09,249975.62,44995.61,294971.23
da3d503e83f04f83bba9b13c486ca44c,28ABCDE9326F1Z510,24ABCDE5728F1Z16,INV-7169,2023-04-08,309531.1,55715.6,365246.69999999995
bda751d238df4d01a4af2cdb8ca274e0,23ABCDE1469F1Z698,29ABCDE7299F1Z30,INV-7182,2023-09-29,386517.77,69573.2,456090.97000000003
d7cb08f409044aeb8794250226d51ebb,19ABCDE2700F1Z42,31ABCDE8067F1Z20,INV-7194,2024-01-09,63857.57,11494.36,75351.93
196621bf726e4f209852dfd6b4934388,30ABCDE7169F1Z992,20ABCDE8432F1Z5,INV-7214,2023-11-28,89275.79,16069.64,105345.43
7d9e07887b2141c0a8d476b975f9dcce,14ABCDE9542F1Z352,31ABCDE4676F1Z28,INV-7215,2023-12-04,444240.33,79963.26,524203.59
7227e6deb953477c84563ee3f7514deb,24ABCDE1154F1Z153,31ABCDE7167F1Z32,INV-7245,2024-01-11,220244.17,39643.95,259888.12
03d2c1784d5a4d8e9d4deac3ac55c3cd,32ABCDE1904F1Z148,35ABCDE9331F1Z9,INV-7271,2023-12-06,105056.08,18910.09,123966.17
8c537b4dc26d4e58b1fbd732645ec949,27ABCDE3452F1Z560,27ABCDE6371F1Z47,INV-7275,2023-06-11,174452.05,31399.57,205841.62
b24c486c228a4f7193e1dde330c3e3b2,15ABCDE9853F1Z1027,16ABCDE8074F1Z40,INV-7286,2023-05-06,366700.18,66006.03,432706.20999999996
9dfc822ce01d45d59e60bed3aaa5fc73,13ABCDE8211F1Z158,13ABCDE3199F1Z27,INV-7341,2023-06-20,331984.24,59757.16,391741.4
53a541ffaf7f41228b2a56671abf51b6,10ABCDE5485F1Z589,18ABCDE3334F1Z13,INV-7350,2023-12-07,396393.93,71350.91,467744.83999999997
60bf86bb25764941a38eea0063d09e49,27ABCDE6431F1Z520,22ABCDE6648F1Z3,INV-7371,2023-08-28,395826.99,71248.86,467075.85
2cfde1d0bb8a4b57896ad53f41c45cb8,10ABCDE5607F1Z1188,30ABCDE7513F1Z15,INV-7394,2023-06-09,398154.2,71667.76,469821.96
279011000d6c4ddb9c50a0ba548b0c53,20ABCDE8709F1Z617,31ABCDE4676F1Z28,INV-7416,2023-05-01,367402.53,66132.46,433534.99000000005
250c6d1c9d8e40a6815f2d976f048d38,07BBBBB5425B1Z391,14ABCDE8703F1Z4,INV-7459,2023-11-04,491039.57,88387.12,579426.69
f4bf5e536ed048c0815c4dca699822f7,25ABCDE7110F1Z850,35ABCDE5420F1Z38,INV-7464,2023-07-03,215696.64,38823.6,254510.24000000002
5bc40e7404bd4d0a95ac43a4391a7278,29ABCDE8493F1Z480,26ABCDE4287F1Z21,INV-7499,2023-10-02,309521.18,55713.81,365234.99
2a92711df39a448dbfb441c87026e31a,07BBBBB7489B1Z6,11ABCDE5920F1Z25,INV-7528,2023-05-13,417665.66,75179.82,492845.48
794dfd576d8346f0a435d60924df0959,07BBBBB3076B1Z240,29ABCDE7299F1Z30,INV-7539,2023-10-11,184380.35,33188.46,217568.81
e8a68b332fa84123a5ca4df0f4c1f0d2,36ABCDE8262F1Z216,13ABCDE3199F1Z27,INV-7555,2023-11-04,187914.09,33824.54,221738.63
b9d66bf1e923414697dd01ade3e2f67f,19ABCDE1740F1Z986,27ABCDE6371F1Z47,INV-7561,2024-01-11,214058.8,38530.58,252589.38
c58157164d9e4e2d8b8ff270c773d0ab,24ABCDE9303F1Z485,12ABCDE9263F1Z12,INV-7613,2023-12-11,129138.93,23245.01,152383.94
d4390a6324b64381b4e3a45c6d0be54a,20ABCDE2036F1Z783,16ABCDE8074F1Z40,INV-7640,2023-07-29,129378.35,23288.1,152666.45
c0f83e5474b94ec0a8d5a5c52219ee74,36ABCDE2747F1Z221,30ABCDE7513F1Z15,INV-7641,2023-12-26,311525.71,56074.63,367600.34
3261c127cfae47a2856b957d88853b2b,30ABCDE7387F1Z769,25ABCDE1216F1Z7,INV-7749,2023-09-20,291848.84,52532.79,344381.63
3d4789cf7fc345fc9468c03e5fe7dc1f,21ABCDE1578F1Z492,21ABCDE9896F1Z45,INV-7755,2024-01-19,407016.78,73263.02,480279.80000000005
d04fbf50b2e14512baaf3dc29cd8484b,16ABCDE8753F1Z916,25ABCDE8939F1Z26,INV-7762,2023-05-13,467519.38,84153.49,551672.87
38086497417945d197ee5cb38482f664,14ABCDE5954F1Z1159,14ABCDE4898F1Z43,INV-7828,2023-06-22,462526.84,83254.83,545781.67
5aae848f1b484c9dac5ddd9659433013,20ABCDE1055F1Z952,14ABCDE8703F1Z4,INV-7877,2023-11-18,320925.78,57766.64,378692.42000000004
10d1059ffdd64ec5abbeeec19f27ed58,27ABCDE4756F1Z1051,32ABCDE7693F1Z8,INV-7889,2023-10-26,354862.27,63875.21,418737.48000000004
e32cf286d59f4af78bd8b7b02f23072a,16ABCDE1192F1Z351,33ABCDE3742F1Z33,INV-7922,2023-11-28,486230.17,87521.43,573751.6
45cfbd960a1449abae0436d470acb173,28ABCDE7289F1Z1073,13ABCDE1278F1Z36,INV-7925,2023-11-29,88488.8,15927.98,104416.78
eb57c340a0dd4c2aba26c501adef5080,17ABCDE2947F1Z424,18ABCDE1814F1Z2,INV-7952,2023-04-11,440579.57,79304.32,519883.89
c6e1f920d42d4785a95952a8309b0835,07BBBBB3363B1Z415,33ABCDE3742F1Z33,INV-7961,2023-09-30,394408.38,70993.51,465401.89
027d27b08b9b4027b1119885c71365e7,30ABCDE2719F1Z987,33ABCDE6704F1Z39,INV-8031,2023-12-18,111797.33,20123.52,131920.85
a91abe9db1a94886b904fd1de55b765f,30ABCDE3115F1Z856,21ABCDE9896F1Z45,INV-8049,2023-05-27,70068.54,12612.34,82680.87999999999
bde9451bdda74c9ba0aac90863ad1bca,20ABCDE3925F1Z841,11ABCDE9399F1Z46,INV-8091,2023-10-31,313498.87,56429.8,369928.67
5ccd9af9a88341dfba39ac1e9e5ec41c,19ABCDE2975F1Z691,11ABCDE9399F1Z46,INV-8094,2023-05-15,457765.38,82397.77,540163.15
ace30ddc10b54d34b1b14cbb88b22fef,10ABCDE3284F1Z750,33ABCDE2626F1Z49,INV-8096,2023-07-03,415354.36,74763.78,490118.14
400670f14abb432692df373718dcb798,21ABCDE2110F1Z665,15ABCDE2773F1Z41,INV-8129,2023-05-04,177076.44,31873.76,208950.2
b4e227c427d0469394630543a1b55849,19ABCDE2666F1Z1003,25ABCDE1216F1Z7,MISSPELLED-123,2023-09-12,441009.62,79381.73,520391.35
434ea05cb02341b9ab4f2d9714940790,28ABCDE6163F1Z602,29ABCDE3989F1Z31,INV-8190,2023-11-29,488460.79,87922.94,576383.73
a5fd40900ff74f638d26a9db0914f646,07BBBBB1145B1Z248,19ABCDE2700F1Z42,INV-8216,2023-10-15,374677.23,67440.1,442107.32999999996
324fa13dce8b40fdacc3405649175759,20ABCDE8514F1Z188,36ABCDE7412F1Z22,INV-8218,2023-10-08,329010.13,59220.02,388220.15
32e949e9afd94ee19e0ce47461e3264b,36ABCDE7838F1Z1078,18ABCDE1814F1Z2,INV-8279,2023-11-05,149924.29,26986.37,176910.66
ec1b72d11a7640829b61023061f629f3,14ABCDE6854F1Z966,29ABCDE1885F1Z37,INV-8293,2023-06-12,134094.7,24137.05,158231.75
27a710dae7b14dff894b7b308549f186,29ABCDE3456F1Z389,16ABCDE2783F1Z11,INV-8299,2023-09-25,171162.81,30809.31,201972.12
dce5846616974c32a54cc2341c1d923a,19ABCDE7061F1Z557,21ABCDE9896F1Z45,INV-8326,2024-01-18,121456.9,21862.24,143319.13999999998
e6babfe782c04c18bdfaf68bf1aa8551,16ABCDE4429F1Z704,13ABCDE3199F1Z27,INV-8337,2023-11-08,474580.11,85424.42,560004.53
bfd2760df56f47bfba8a295811f30744,25ABCDE5557F1Z572,29ABCDE7299F1Z30,INV-8343,2023-04-01,495352.38,89163.43,584515.81
9f709efabe294006a984a85f04cc9a60,07BBBBB3646B1Z197,25ABCDE8939F1Z26,INV-8360,2023-06-19,360790.6,64942.31,425732.91
76168004bf08445fad544b24bd82ed9b,33ABCDE6154F1Z895,31ABCDE4676F1Z28,INV-8373,2023-09-26,192334.34,34620.18,226954.52
08fdf8fb914c4d52aeb2d9fbb7d3384b,23ABCDE9672F1Z337,31ABCDE8067F1Z20,INV-8409,2023-06-26,112600.0,20268.0,132868.0
50cd69585b6d48f2a8df16b7d5ed6d6e,13ABCDE6098F1Z168,11ABCDE3573F1Z0,INV-8447,2023-06-03,92071.7,16572.91,108644.61
acb2a988f33c472cae3184ba16fbfcf9,11ABCDE4822F1Z407,13ABCDE1278F1Z36,INV-8482,2023-04-06,332156.19,59786.31,391932.5
5df0b40d74374d02b78c76e198f79bcd,22ABCDE3943F1Z208,33ABCDE2626F1Z49,INV-8488,2023-07-23,160943.64,28969.86,189913.5
575c4c15d5884688af0c8574cd8ad857,07BBBBB5161B1Z97,33ABCDE6274F1Z1,INV-8521,2023-05-09,110888.99,19960.02,130849.01000000001
aa278a3ed25646b6a76198d18afaa45a,17ABCDE4247F1Z369,23ABCDE9697F1Z23,INV-8535,2023-05-23,356598.46,64187.72,420786.18000000005
2fb0ca89c4be42c7a9cf869f7f762019,30ABCDE3115F1Z856,31ABCDE8067F1Z20,INV-8564,2024-01-20,314466.82,56602.23,371059.05
cacf129627b342d6bbf69913152e4bc1,22ABCDE8081F1Z655,35ABCDE6794F1Z24,INV-8565,2023-09-17,330348.08,59462.65,389810.73000000004
c065ca51de654236a612fca0e2dd54a7,20ABCDE4438F1Z171,17ABCDE6687F1Z19,INV-8591,2023-04-23,172294.93,31013.09,203308.02
d7c8e8cdff36412c9a8883f84d757abe,32ABCDE1655F1Z446,33ABCDE2626F1Z49,INV-8596,2024-01-13,274967.2,49494.1,324461.3
f399b09fdfd848cbacdb84bdbe2b55e4,33ABCDE5912F1Z241,18ABCDE1814F1Z2,INV-8617,2023-09-23,245334.59,44160.23,289494.82
ba825c39f1e14ae0bda0a424b3623369,17ABCDE8591F1Z1044,30ABCDE6530F1Z17,INV-8672,2023-09-20,126986.13,22857.5,149843.63
8fa2f476f8ee4e93a8976d0c22459ef6,30ABCDE1505F1Z442,27ABCDE6878F1Z44,INV-8673,2023-10-31,182200.97,32796.17,214997.14
935b6d9ac26541fcb649a995a7dd1f86,21ABCDE4726F1Z1008,25ABCDE8939F1Z26,INV-8693,2023-09-02,329034.64,59226.24,388260.88
c6d408d7f50349899fb3511bacaad20e,12ABCDE2905F1Z118,18ABCDE1814F1Z2,INV-8735,2023-06-11,467422.32,84136.02,551558.34
d026b93745944f46b4a5805b83292db5,30ABCDE3471F1Z745,17ABCDE6687F1Z19,INV-8745,2023-07-22,461493.08,83068.75,544561.8300000001
4a744f0607f142cfa283e313f7001f02,25ABCDE4358F1Z1036,33ABCDE2626F1Z49,INV-8794,2023-12-15,96609.22,17389.66,113998.88
40d9d46166b24c02862a5eef03eb4b6b,25ABCDE9668F1Z472,17ABCDE6687F1Z19,INV-8834,2023-07-27,445207.18,80137.29,525344.47
ffc6522b677b4370bf99c99ed4defe2a,24ABCDE4544F1Z247,13ABCDE1278F1Z36,INV-8844,2023-04-17,175270.21,31548.64,206818.84999999998
986fff10dc7c444abcabc9550d3c13ac,15ABCDE9697F1Z508,12ABCDE9263F1Z12,INV-8912,2023-07-02,441630.3,79493.45,521123.75
0842dbfb27ea49c58454e62ec2cab936,12ABCDE4680F1Z61,31ABCDE7167F1Z32,INV-8929,2023-12-01,284378.34,51188.1,335566.44
7ef014a0f6fc4742aff48ed4698ae20e,18ABCDE3479F1Z1106,27ABCDE6878F1Z44,INV-8954,2023-12-20,55212.64,9938.28,65150.92
2de62a6d6e6848f2a9d6fa0cdbd35b12,30ABCDE4005F1Z1053,33ABCDE2626F1Z49,INV-8955,2023-11-14,134422.31,24196.02,158618.33
82f70837835b4c6f9c75bfcf734204a9,19ABCDE9087F1Z362,27ABCDE6878F1Z44,INV-8993,2023-06-02,373036.39,67146.55,440182.94
4c7cbd65d3da45cab935eced7ff72c1b,18ABCDE6384F1Z1140,31ABCDE7167F1Z32,INV-8998,2023-06-25,186452.2,33561.4,220013.6
11eb97756a4946118732539fba12a09f,17ABCDE2947F1Z424,32ABCDE7693F1Z8,INV-9019,2023-05-05,320297.52,57653.55,377951.07
cc6aaa02db954e749070b43b391bca0c,07BBBBB9555B1Z153,36ABCDE7412F1Z22,INV-9023,2023-05-25,391613.77,70490.48,462104.25
cc6fc80a984f49988040fc6e87e421c5,24ABCDE2254F1Z172,32ABCDE7693F1Z8,INV-9075,2024-01-03,175638.39,31614.91,207253.30000000002
d8f3fb34651a491eb1fdda45972dac90,32ABCDE7720F1Z815,31ABCDE4676F1Z28,INV-9125,2023-06-23,387376.98,69727.86,457104.83999999997
6b3a2523b00443a786fe5d397435b4e5,28ABCDE9326F1Z510,35ABCDE9331F1Z9,INV-9160,2023-08-13,368603.53,66348.64,434952.17000000004
2275b1dafb184805982f90cbae987ade,13ABCDE2846F1Z545,16ABCDE8074F1Z40,INV-9203,2023-07-05,308134.43,55464.2,363598.63
64477601572544089b892367067b81b1,17ABCDE2277F1Z688,35ABCDE4671F1Z18,INV-9280,2023-12-27,66784.16,12021.15,78805.31
a373c21a77c44582a915113ff8a4fa55,07BBBBB2673B1Z305,31ABCDE7167F1Z32,INV-9289,2023-05-28,329177.59,59251.97,388429.56000000006
13119cd83571446a946a43a40a2b593b,28ABCDE8858F1Z1163,13ABCDE1278F1Z36,INV-9377,2023-11-29,497718.24,89589.28,587307.52
c79aea1fe04142689c3494f74a121dd5,17ABCDE8336F1Z1019,33ABCDE3742F1Z33,INV-9413,2024-01-20,110638.33,19914.9,130553.23000000001
b328c4e9b27b49909b60f30f55d60e0a,24ABCDE7103F1Z533,27ABCDE6371F1Z47,INV-9457,2023-07-17,334299.98,60174.0,394473.98
f9c649f49ef2402f952793d67cd57b03,16ABCDE8095F1Z621,35ABCDE5420F1Z38,MISSPELLED-123,2023-08-10,317383.11,57128.96,374512.07
9149da2e7b394148bee6d3224d02008a,36ABCDE1422F1Z173,13ABCDE1278F1Z36,INV-9515,2023-10-24,383198.82,68975.79,452174.61
bdfec691f0a74f8aab65a8ec98d5ce3a,18ABCDE4534F1Z392,11ABCDE5920F1Z25,INV-9619,2023-10-04,67983.1,12236.96,80220.06
45eb6f536e734171b25551d01aa31f7d,13ABCDE2951F1Z354,36ABCDE7412F1Z22,INV-9627,2023-08-27,281864.44,50735.6,332600.04
5cf70a1fbe7a4377943359612e818a54,36ABCDE4854F1Z88,14ABCDE8703F1Z4,INV-9629,2023-11-12,437741.87,78791.74,516523.61
c6a8d1bcd24443f1ac611a3468891324,31ABCDE3087F1Z514,27ABCDE6878F1Z44,INV-9639,2023-04-01,312501.8,56250.32,368752.12
46c6c85e64c743dc8cdefde3bdd98b04,10ABCDE6453F1Z196,12ABCDE5551F1Z35,INV-9642,2023-11-18,413871.1,74496.8,488367.89999999997
9b3960e205f749af80f07857a92b9578,25ABCDE8551F1Z1153,27ABCDE2814F1Z6,INV-9680,2023-09-03,274008.26,49321.49,323329.75
53737fca7121417fba54f8fbc9074282,23ABCDE6337F1Z277,17ABCDE6687F1Z19,INV-9721,2023-09-27,179874.38,32377.39,212251.77000000002
0fe4abba63664f108ca1a977e308c733,22ABCDE1681F1Z729,32ABCDE7693F1Z8,INV-9762,2024-01-15,213145.39,38366.17,251511.56
d94fafce16ec4512a066c9ce63df98ae,27ABCDE6642F1Z662,32ABCDE7693F1Z8,INV-9767,2023-10-02,146749.02,26414.82,173163.84
5fa01e45b2714f6287d232494c33f33d,12ABCDE4894F1Z778,25ABCDE8939F1Z26,INV-9800,2023-06-02,66403.73,11952.67,78356.4
39be00c5f42848f38cb6f58b0ee2b2fe,31ABCDE3087F1Z514,20ABCDE8432F1Z5,INV-9894,2024-01-18,327031.75,58865.71,385897.46
b5ea728155b641388436e645ca1a8001,36ABCDE4925F1Z643,35ABCDE5420F1Z38,INV-9923,2023-05-06,255046.38,45908.35,300954.73
fc0c9929997244c0b18dcf57f8b88f40,10ABCDE3284F1Z750,23ABCDE9697F1Z23,INV-9942,2023-05-16,346240.6,62323.31,408563.91
4a800d5a71fc4aa18fc33daaa8b39841,17ABCDE7092F1Z556,12ABCDE2824F1Z29,INV-9994,2023-12-15,284725.45,51250.58,335976.03
53c6fe6c15aa429fb49cc9c394a1ef77,15ABCDE4484F1Z1132,30ABCDE7513F1Z15,INV-10016,2023-04-23,465048.79,83708.78,548757.57
28ac8fa373fc424dabf81e230174f661,15ABCDE2773F1Z41,32ABCDE7693F1Z8,INV-10074,2023-07-11,82814.19,14904.75,97708.94
862767d199f84b58a1888a2db7e794e2,17ABCDE1790F1Z397,29ABCDE1885F1Z37,INV-10129,2023-09-22,90558.26,16298.69,106846.95
e2b35791d63d4105bc4bf8ff5d243d58,29ABCDE2784F1Z1002,20ABCDE8432F1Z5,INV-10131,2023-07-07,331020.64,59583.72,390604.36
69173ad2b2dc4a479520cda037947e49,25ABCDE7716F1Z219,12ABCDE5551F1Z35,INV-10178,2023-10-23,112790.68,20300.52,133081.19999999998
faa576be829b485bba8f02302b9b21b5,16ABCDE7838F1Z1054,27ABCDE6371F1Z47,INV-10359,2023-08-12,439804.06,79164.73,518968.79
d7816a191a18471e944e8313bc909f41,34ABCDE8198F1Z253,11ABCDE9399F1Z46,INV-10462,2023-09-11,478815.97,86185.07,564991.04
093bd9ef090844dc812451689e763855,36ABCDE5822F1Z897,19ABCDE2700F1Z42,INV-10480,2023-07-04,159329.69,28679.34,188009.03
0c2507329a224263912f2d5b63bc27d3,15ABCDE8550F1Z731,16ABCDE2783F1Z11,INV-10539,2023-07-22,213600.14,38448.03,252048.17
546a27577b6340bf952948cefa19c996,28ABCDE8598F1Z416,25ABCDE1216F1Z7,INV-10540,2023-04-03,285476.37,51385.75,336862.12
d0882250236f4f79bb38bad8f7407cd4,12ABCDE6661F1Z1052,22ABCDE6648F1Z3,INV-10553,2023-10-17,444197.05,79955.47,524152.52
75f1cac6ffb04968ab3336c0cf6596a3,23ABCDE6337F1Z277,27ABCDE2814F1Z6,INV-10565,2023-06-06,302378.68,54428.16,356806.83999999997
982d1c14c1b642c781f430364e8594c5,12ABCDE4800F1Z1194,12ABCDE9263F1Z12,INV-10574,2023-09-13,110827.55,19948.96,130776.51000000001
2700aa1ed13c4025bd1e6c2af874d499,20ABCDE3257F1Z1014,17ABCDE6687F1Z19,INV-10575,2023-10-24,419051.73,75429.31,494481.04
00c624669c954a40bb5447f36ba1abe2,07BBBBB3698B1Z281,17ABCDE6687F1Z19,INV-10578,2023-08-19,141450.32,25461.06,166911.38
4ed4a5ed2b694a61938fce6fb9fddf05,32ABCDE2548F1Z737,31ABCDE4676F1Z28,INV-10601,2023-09-19,355713.35,64028.4,419741.75
f55987f9da144b989b23d3e1e06e81da,13ABCDE7151F1Z470,12ABCDE5551F1Z35,INV-10611,2023-11-08,175518.3,31593.29,207111.59
045503dab57f4d0ca21d068d25bfc570,25ABCDE6703F1Z1018,16ABCDE8074F1Z40,INV-10613,2023-08-05,478940.8,86209.34,565150.14
5d25f018f3ff48a3969b7896f2faa893,34ABCDE6742F1Z1056,33ABCDE3742F1Z33,INV-10628,2023-10-26,171081.2,30794.62,201875.82
cfe7cfde514d4516988a810fbcf1d348,26ABCDE7298F1Z10,25ABCDE1216F1Z7,INV-10630,2023-11-25,240451.95,43281.35,283733.3
0c4fe2ce378b4c4f9b8be69d49e22c4a,18ABCDE2440F1Z239,13ABCDE1278F1Z36,INV-10665,2024-01-24,292158.28,52588.49,344746.77
cb95a473898b44e88dbbe51ba379df3b,36ABCDE7777F1Z823,31ABCDE7167F1Z32,INV-10690,2023-06-02,419206.6,75457.19,494663.79
804f882ed681463ca3ab3064f054c683,15ABCDE9848F1Z288,36ABCDE7412F1Z22,INV-10705,2023-05-02,256428.72,46157.17,302585.89
f685afa93f8147eab7e6f1450c9b58da,15ABCDE1019F1Z387,22ABCDE6648F1Z3,INV-10754,2023-05-19,262213.41,47198.41,309411.81999999995
be80fdc599944873877355c202b61925,10ABCDE5082F1Z612,14ABCDE4898F1Z43,INV-10759,2023-12-31,428554.49,77139.81,505694.3
e201f2c2e6cf4e5dbd4acf7d34f53241,10ABCDE6923F1Z599,33ABCDE2626F1Z49,INV-10780,2023-08-23,489373.42,88087.22,577460.64
20aeb694566248f1b2fb92c63f6177fd,23ABCDE1961F1Z868,15ABCDE2773F1Z41,INV-10791,2023-10-15,255657.61,46018.37,301675.98
d0f83f7b8a7a42998194c9b04814868d,12ABCDE4800F1Z1194,33ABCDE2626F1Z49,INV-10804,2023-04-02,357614.23,64370.56,421984.79
6ae99f45d8f74ad9a3efe467a4bcfce2,29ABCDE9837F1Z244,27ABCDE6878F1Z44,INV-10824,2023-10-09,452864.16,81515.55,534379.71
397dc17cb58d47b5b4fd8caeedbf042d,30ABCDE3787F1Z529,30ABCDE6530F1Z17,INV-10848,2023-08-16,276164.1,49709.54,325873.63999999996
9cf884a20d16424e8dc5ce0b0902381f,32ABCDE3766F1Z71,30ABCDE7513F1Z15,INV-10882,2023-05-03,400381.88,72068.74,472450.62
874693671e184d7097599bf6dbf7461e,28ABCDE1530F1Z1133,17ABCDE6687F1Z19,INV-10913,2023-09-19,296464.99,53363.7,349828.69
f874de9f2a0e4fa0b8ef2087333d3d4c,11ABCDE4242F1Z350,30ABCDE7513F1Z15,INV-11049,2023-04-09,446051.26,80289.23,526340.49
26c281bc05dd40b1a37edd3d94ef451e,26ABCDE2287F1Z1104,13ABCDE3199F1Z27,INV-11051,2023-08-21,54618.51,9831.33,64449.840000000004
abb2d77862d14974b4db4de4e234cebe,14ABCDE5687F1Z126,14ABCDE4898F1Z43,INV-11081,2024-01-04,142994.04,25738.93,168732.97
1ccf4e5436a745b89058f255ab5fdc57,07BBBBB4232B1Z98,22ABCDE6648F1Z3,INV-11125,2023-11-30,253173.26,45571.19,298744.45
c525af5e910b49c0b058b6e290d33a65,07BBBBB2076B1Z103,15ABCDE2773F1Z41,INV-11142,2024-01-08,459506.78,82711.22,542218.0
f2e0f7eb6a7c41d3ab6b2e8245032606,24ABCDE1708F1Z980,26ABCDE7298F1Z10,INV-11150,2023-05-11,466474.1,83965.34,550439.44
907551a370a641c5997661e241d7dcd1,26ABCDE2981F1Z810,18ABCDE3334F1Z13,INV-11208,2023-08-14,442568.27,79662.29,522230.56
be2f96b6babe42ca974f529410afb0c1,27ABCDE1838F1Z669,19ABCDE2700F1Z42,INV-11216,2023-10-13,448171.35,80670.84,528842.19
90dc1599b52e4b76ac75aa24ddd5d371,12ABCDE9188F1Z726,35ABCDE9331F1Z9,INV-11228,2023-11-25,451014.72,81182.65,532197.37
395fbdeb10a0472ba3fb7553d822457d,17ABCDE3922F1Z64,23ABCDE9697F1Z23,INV-11231,2023-08-05,118017.58,21243.16,139260.74
3fee891d86f146c3a5f36f6047b9f63e,07BBBBB9206B1Z355,19ABCDE2700F1Z42,INV-11254,2023-09-12,377884.82,68019.27,445904.09
07e8aa881e2143f690eea5b24a1e9f61,23ABCDE9939F1Z603,36ABCDE7412F1Z22,INV-11285,2023-12-09,394034.52,70926.21,464960.73000000004
7b2c01fafbcf4d89b4a6328b4000e953,34ABCDE3423F1Z565,32ABCDE7693F1Z8,INV-11294,2024-01-17,190543.71,34297.87,224841.58
83311abf522343e98ff89043f02dc72f,35ABCDE6394F1Z197,16ABCDE2783F1Z11,INV-11321,2023-05-25,228566.69,41142.0,269708.69
e680983f4728474f945d0db15025ba13,13ABCDE6098F1Z168,16ABCDE2783F1Z11,INV-11338,2023-08-28,434949.28,78290.87,513240.15
ace03d5fd56a46d4acacfc6b7d165ec0,13ABCDE5235F1Z859,30ABCDE6530F1Z17,INV-11340,2023-06-06,431743.1,77713.76,509456.86
ba39622063e04fc5a816a8e351a2b7aa,31ABCDE4676F1Z28,17ABCDE6687F1Z19,INV-11352,2023-08-07,162224.93,29200.49,191425.41999999998
af68faf1a01b431fa802dbc232988329,26ABCDE7536F1Z425,27ABCDE2814F1Z6,INV-11399,2023-11-07,379563.35,68321.4,447884.75
426cf904903944e28a5e5ce13e537584,20ABCDE4438F1Z171,15ABCDE2773F1Z41,INV-11432,2023-06-15,57135.86,10284.45,67420.31
3cb7600bdd8742d29de88a677ae9bd2a,13ABCDE2745F1Z200,12ABCDE9263F1Z12,INV-11556,2023-09-28,427902.98,77022.54,504925.51999999996
e223fd478ecc42ddbb901df3d28decc7,36ABCDE2858F1Z263,32ABCDE7693F1Z8,INV-11557,2023-09-09,333991.61,60118.49,394110.1
ec1ac4feb3ea42f6bd0a52777b8c3214,16ABCDE7838F1Z1054,30ABCDE7513F1Z15,INV-11598,2023-07-20,419376.8,75487.82,494864.62
4eaf7f8f30da4635bfe1c971e8937131,16ABCDE7568F1Z634,33ABCDE6274F1Z1,INV-11608,2023-10-14,237831.08,42809.59,280640.67
7c9846bb2a0243628391b5536f336d34,36ABCDE1685F1Z420,21ABCDE9896F1Z45,INV-11720,2023-09-20,400445.21,72080.14,472525.35000000003
a685f015bfbf4c8c9528212e20a62264,07BBBBB8691B1Z431,35ABCDE4671F1Z18,INV-11736,2023-09-07,273021.62,49143.89,322165.51
122486fc6ec64042b69c2e03ce6d3006,28ABCDE6731F1Z654,35ABCDE9331F1Z9,INV-11827,2023-08-29,282556.65,50860.2,333416.85000000003
28c9e78ceec64bb8bd2ac670d0d39aea,07BBBBB5781B1Z0,35ABCDE5420F1Z38,INV-11840,2023-07-13,67390.9,12130.36,79521.26
23430d9088754a348337baa963c4eaf2,33ABCDE3804F1Z519,33ABCDE6274F1Z1,INV-11865,2023-09-23,191087.69,34395.78,225483.47
68d3d7417d0c49079e8d1bacf6c05e05,36ABCDE6093F1Z66,11ABCDE5920F1Z25,INV-11867,2023-07-15,498780.48,89780.49,588560.97
fb05df76b0b34f688ecd85d11bff6726,18ABCDE3627F1Z423,18ABCDE9015F1Z48,INV-11908,2023-06-08,397695.45,71585.18,469280.63
229bcb48fda449dbbf9cf40df227fb87,15ABCDE8508F1Z478,33ABCDE6274F1Z1,INV-11963,2024-01-16,58840.75,10591.33,69432.08
e52e312fdb244af587bc851d4195f8aa,30ABCDE3864F1Z976,25ABCDE8939F1Z26,INV-11968,2023-06-11,460711.16,82928.01,543639.1699999999
0b65101ede074afdad4e823c459e8ec3,25ABCDE4733F1Z898,29ABCDE1885F1Z37,INV-11970,2023-11-07,201830.28,36329.45,238159.72999999998
fe90ff8ae94a4fba9815e073f0625c76,26ABCDE9263F1Z576,22ABCDE6648F1Z3,INV-11973,2023-10-26,434435.38,78198.37,512633.75
3ea569c20f324817aa7fee60104060e1,18ABCDE6833F1Z421,35ABCDE6794F1Z24,INV-11982,2024-01-06,451164.28,81209.57,532373.8500000001
5f8eddb1771e4299bfb28d5a95f6f105,35ABCDE9732F1Z329,20ABCDE9440F1Z34,INV-12031,2023-12-01,190550.5,34299.09,224849.59
5b625cb8c4bf49e2b7a6781391bb4229,12ABCDE5973F1Z133,30ABCDE7513F1Z15,INV-12032,2023-09-08,203498.49,36629.73,240128.22
2377220b8b914b968160feea7cb22c3c,32ABCDE6131F1Z836,27ABCDE6878F1Z44,INV-12051,2023-08-11,364214.02,65556.72,429760.74
ea84edf061be4f27a05a553b18e24921,21ABCDE7622F1Z155,29ABCDE1885F1Z37,INV-12054,2023-12-29,311909.81,56143.77,368053.58
43f3cf638ab447ef826a63e7c93b57a6,19ABCDE2700F1Z42,35ABCDE5420F1Z38,INV-12062,2023-11-11,264649.02,47636.82,312285.84
d44918d8e6f042e8b602e33402be3dda,31ABCDE2202F1Z497,35ABCDE6794F1Z24,INV-12126,2023-05-07,240617.47,43311.14,283928.61
103baa931d3740b48352eea9c3a97982,16ABCDE8095F1Z621,22ABCDE6648F1Z3,INV-12140,2024-01-02,307987.26,55437.71,363424.97000000003
3123192abea9498b98c9398fdda723ce,15ABCDE4484F1Z1132,31ABCDE7167F1Z32,INV-12147,2023-06-25,274828.24,49469.08,324297.32
9117b011b11f450691b225169245d315,07BBBBB2036B1Z217,21ABCDE9896F1Z45,INV-12210,2023-06-16,458353.14,82503.57,540856.71
1ff86407c00d4d81b2845187d409d75f,19ABCDE1403F1Z120,12ABCDE5551F1Z35,INV-12306,2023-07-17,116919.88,21045.58,137965.46000000002
b1713c3e88d741db936b81aca4d89b81,11ABCDE9096F1Z1057,27ABCDE6878F1Z44,INV-12355,2023-11-16,210052.0,37809.36,247861.36
a32fcfadaf7b4905b6ceb1e2fc2457bb,10ABCDE5082F1Z612,29ABCDE7299F1Z30,INV-12383,2023-04-29,119020.46,21423.68,140444.14
89386528adac420fbadef0bbaee733f3,10ABCDE5839F1Z796,16ABCDE8074F1Z40,INV-12384,2023-12-11,303669.63,54658.73,358318.36
fb38af17a8084618b79e7fc2dd2ee859,29ABCDE8917F1Z909,27ABCDE2814F1Z6,INV-12387,2023-11-06,190508.13,34289.66,224787.79
8e36b96d26c844c58a948ff99fd9d3ad,29ABCDE3352F1Z959,30ABCDE7513F1Z15,INV-12414,2023-08-22,413127.71,74362.99,487490.7
60a5883458bf43e79052732d93fb4ea0,30ABCDE7513F1Z15,36ABCDE7412F1Z22,INV-12446,2024-01-22,120053.15,21609.57,141662.72
2ab3fee3794b4823bfcc0adce0cb6c2a,35ABCDE7026F1Z515,30ABCDE7513F1Z15,INV-12469,2023-10-21,99845.12,17972.12,117817.23999999999
96e4b4b74dfa4bb39f51898aa6434807,17ABCDE8496F1Z713,30ABCDE6530F1Z17,INV-12489,2023-09-04,150335.79,27060.44,177396.23
57b836caa9b4436fbe2f14f03556b44b,31ABCDE2569F1Z803,35ABCDE6794F1Z24,INV-12553,2023-11-30,491825.64,88528.62,580354.26
f48e4ebe6d4744d1a93c6c20c6d5a07e,31ABCDE8652F1Z278,33ABCDE6274F1Z1,INV-12560,2023-12-15,109220.05,19659.61,128879.66
64687f3c7d68455aaeaada560ef4e216,11ABCDE7117F1Z105,33ABCDE6704F1Z39,INV-12604,2023-07-15,342832.55,61709.86,404542.41
ce700247a99c4bbb9a8d0a2462314425,36ABCDE5861F1Z660,26ABCDE4287F1Z21,INV-12677,2023-09-30,250387.64,45069.78,295457.42000000004
d294e9f924214db885b45045fd4283c0,07BBBBB4633B1Z318,25ABCDE1216F1Z7,INV-12684,2023-10-16,94651.15,17037.21,111688.35999999999
abd115a6772b4c30b4df8b7ed5f4973c,20ABCDE9165F1Z723,24ABCDE5728F1Z16,INV-12743,2023-12-08,363213.69,65378.46,428592.15
0b07430e7ff444b784c8837a1cf5a3eb,31ABCDE6714F1Z210,17ABCDE6687F1Z19,INV-12752,2023-09-30,156996.61,28257.59,185244.19999999998
e856cdfd341345e78fcbd4d2d9f00440,35ABCDE7753F1Z809,12ABCDE5551F1Z35,INV-12775,2023-12-20,282833.5,50910.03,333743.53
8165d76f859e4a07a66c4ef721e73aa0,30ABCDE8830F1Z1000,32ABCDE7693F1Z8,INV-12839,2023-09-06,126144.1,22705.94,148850.04
21850b9b05084d979a5f72aec2b0bbe3,11ABCDE1356F1Z464,27ABCDE6371F1Z47,INV-12844,2023-09-17,493027.76,88745.0,581772.76
4ad4415c226b40cead50f1164f1355f6,36ABCDE4144F1Z457,18ABCDE1814F1Z2,INV-12847,2023-07-21,440679.47,79322.3,520001.76999999996
a852f6fa1a1b48db9cd644b5983e26f8,21ABCDE6211F1Z786,12ABCDE9263F1Z12,INV-12854,2023-12-05,177459.19,31942.65,209401.84
05da1afc8de94b7ca70698a9257e9125,32ABCDE6616F1Z1069,18ABCDE3334F1Z13,INV-12881,2023-10-18,205672.13,37020.98,242693.11000000002
6816720d8d104448aff5166c1f91d3e1,34ABCDE7931F1Z969,12ABCDE5551F1Z35,INV-12903,2024-01-05,287636.88,51774.64,339411.52
18bc0c58ee2e43729cd73b2dcfdcebc1,29ABCDE7299F1Z30,29ABCDE1885F1Z37,INV-12960,2023-04-17,428557.83,77140.41,505698.24
9aebaca0225f43f883b4d79615592a02,21ABCDE1674F1Z93,17ABCDE6687F1Z19,INV-13011,2023-11-17,155875.7,28057.63,183933.33000000002
49eb9ecf9be74635bba4990b2c0c6989,32ABCDE6645F1Z180,12ABCDE2824F1Z29,INV-13020,2023-09-25,114678.85,20642.19,135321.04
447d4bb7c6264d15abd8f863217f20cb,30ABCDE3115F1Z856,18ABCDE1814F1Z2,INV-13051,2024-01-03,487624.93,87772.49,575397.42
422c0e87dd6141dcb61f76d5f1f7aace,13ABCDE2745F1Z200,36ABCDE7412F1Z22,INV-13061,2023-11-06,287030.83,51665.55,338696.38
494bbf841d5a4e949c35b90853aeb37d,07BBBBB7867B1Z113,35ABCDE6794F1Z24,INV-13071,2023-12-09,238559.87,42940.78,281500.65
9319bab1da2147d1bcc7165b1027d430,19ABCDE1403F1Z120,29ABCDE1885F1Z37,INV-13073,2023-07-11,267373.03,48127.15,315500.18000000005
f630a9489c8c423f9d296fca6132ab22,20ABCDE6034F1Z383,27ABCDE6371F1Z47,INV-13075,2023-06-12,275291.55,49552.48,324844.02999999997
d9f9789ddb644a9da8f5c9fb61542d2e,35ABCDE6419F1Z932,36ABCDE7412F1Z22,INV-13082,2023-05-10,160867.44,28956.14,189823.58000000002
143501049a1e4b33919333b8f00a53ed,17ABCDE9374F1Z834,25ABCDE8939F1Z26,INV-13230,2023-07-06,362070.72,65172.73,427243.44999999995
b23191ca5624454bb6996aaeb80b9bf1,18ABCDE2635F1Z134,11ABCDE3573F1Z0,INV-13289,2023-06-08,208529.04,37535.23,246064.27000000002
bf7fcaba556b41e39e8cff1a638c0ad9,25ABCDE6753F1Z164,30ABCDE6530F1Z17,INV-13302,2023-08-21,193402.9,34812.52,228215.41999999998
4f8d33362a8a422fbc8ca8ab14406234,07BBBBB2286B1Z48,11ABCDE5920F1Z25,INV-13305,2023-09-30,445784.93,80241.29,526026.22
0ef6ba8a7ab4484f927430c0721e645e,27ABCDE6878F1Z44,30ABCDE6530F1Z17,INV-13310,2023-04-07,409646.94,73736.45,483383.39
7134db3de24e4694a70c9f8e60e531b6,23ABCDE8791F1Z238,20ABCDE8432F1Z5,INV-13334,2023-06-11,162861.92,29315.15,192177.07
64cbec0c021d41ec937dc72ca6b38ab8,27ABCDE2258F1Z822,26ABCDE7298F1Z10,INV-13370,2023-12-27,248805.08,44784.91,293589.99
75733e7d8d474b14a5322d82803516e8,26ABCDE2287F1Z1104,13ABCDE1278F1Z36,INV-13385,2023-09-18,447128.89,80483.2,527612.09
b179a4f0d67e441dbe559d23bef4a8c4,20ABCDE8709F1Z617,27ABCDE2814F1Z6,INV-13471,2023-10-24,404216.05,72758.89,476974.94
d7f50e7010614e1a998c44f053597b6a,34ABCDE9260F1Z776,27ABCDE6371F1Z47,INV-13520,2023-10-04,94785.21,17061.34,111846.55
a98cf3276fb446c29a4ff98fbab270e7,21ABCDE1194F1Z115,35ABCDE6794F1Z24,INV-13540,2023-05-07,297204.72,53496.85,350701.56999999995
80989eba0ae14476a76c94fce13545b7,22ABCDE7516F1Z307,30ABCDE6530F1Z17,INV-13557,2023-09-05,394931.22,71087.62,466018.83999999997
14845947f05f4849b8ccfaccd308ed5a,21ABCDE9896F1Z45,35ABCDE5420F1Z38,INV-13571,2024-01-16,279566.7,50322.01,329888.71
1e0fba51c3a8475fb4b8e5a0eecaef14,24ABCDE4544F1Z247,19ABCDE2700F1Z42,INV-13587,2023-09-01,173303.39,31194.61,204498.0
a0877e119d48459482683cd2f816ec88,24ABCDE6433F1Z1017,12ABCDE2824F1Z29,INV-13640,2023-12-31,105696.13,19025.3,124721.43000000001
03d18d3dd4ed40d9b539f3be85114db4,07BBBBB8185B1Z158,20ABCDE8432F1Z5,INV-13666,2024-01-08,361742.29,65113.61,426855.89999999997
cda0971ba1854de7b66ba90262ca3508,21ABCDE1042F1Z1086,32ABCDE7693F1Z8,INV-13688,2023-11-06,404118.41,72741.31,476859.72
1a22a54781c04ca5a68e08417b72dbae,19ABCDE2000F1Z135,35ABCDE4671F1Z18,INV-13707,2023-11-09,427526.2,76954.72,504480.92000000004
9e8b424d455140df9e96923302eb687b,10ABCDE5380F1Z370,20ABCDE8432F1Z5,INV-13747,2023-07-09,383183.55,68973.04,452156.58999999997
830945f964a94b889bb7224bbe8c3711,13ABCDE1278F1Z36,14ABCDE8703F1Z4,INV-13755,2023-08-04,103590.04,18646.21,122236.25
ba04edbbe56d4fd29f4b4e73eb6e6230,19ABCDE2256F1Z790,30ABCDE6530F1Z17,INV-13782,2023-05-17,173850.74,31293.13,205143.87
dc0d350b07bd43a792e3357f72970cb9,36ABCDE7058F1Z985,19ABCDE2700F1Z42,INV-13808,2023-08-07,238932.16,43007.79,281939.95
b982a060b7d046bda07f4b391ffca267,32ABCDE1655F1Z446,36ABCDE7412F1Z22,INV-13819,2023-10-28,250795.72,45141.43,295927.15
84db0335a7064e15bac6087190cfa99f,13ABCDE5601F1Z637,23ABCDE9697F1Z23,INV-13896,2023-11-11,399900.21,71982.04,471882.25
6fb6a9fcc0a3446ea5bbf6d290bcc948,36ABCDE2747F1Z221,13ABCDE3199F1Z27,INV-13897,2023-09-12,465633.06,83813.95,549447.01
05c6f33c3c954c6ebc11bd1c2ef252ae,10ABCDE6950F1Z162,26ABCDE1891F1Z14,INV-13924,2024-01-02,104126.49,18742.77,122869.26000000001
aafdb9d8fe3046c984824c51903f9da9,34ABCDE2620F1Z330,25ABCDE8939F1Z26,INV-13932,2024-01-06,239435.22,43098.34,282533.56
83e11d1243594cb8ae89edbe3dfa9160,14ABCDE8524F1Z661,33ABCDE6274F1Z1,INV-13937,2023-06-09,473210.91,85177.96,558388.87
3444e96c07e04ad89997045cfb5a634a,29ABCDE3626F1Z505,27ABCDE2814F1Z6,INV-14013,2023-11-28,145828.65,26249.16,172077.81
b4bfe4660f50432fb163bb02e3a4ddba,15ABCDE6730F1Z938,13ABCDE1278F1Z36,INV-14056,2023-11-15,69186.91,12453.64,81640.55
fac5e108fb3c4bf6a488ce1753ec9421,22ABCDE3274F1Z921,12ABCDE5551F1Z35,INV-14065,2023-10-29,475358.8,85564.58,560923.38
f4fdc29b5d6d4a7289ed0da27be24e6e,21ABCDE1160F1Z451,31ABCDE4676F1Z28,INV-14107,2023-06-25,464708.05,83647.45,548355.5
5a4772cb5acc42da822cd4299431843a,20ABCDE4908F1Z1093,30ABCDE6530F1Z17,INV-14193,2023-12-08,117930.21,21227.44,139157.65
4b97fd7d02494fbd902f748f63c96fe5,27ABCDE1601F1Z1143,11ABCDE5920F1Z25,INV-14195,2023-10-28,488082.12,87854.78,575936.9
c5ea4064fc734a39b4483e9b002e5872,19ABCDE1154F1Z653,12ABCDE5551F1Z35,INV-14209,2023-07-02,107983.52,19437.03,127420.55
f5b45327c9eb4cf6b69cbe9f665bad74,22ABCDE8896F1Z379,33ABCDE6274F1Z1,INV-14213,2023-07-11,79078.37,14234.11,93312.48
58da57d4be99479ea439da4c02c91d64,34ABCDE4453F1Z136,18ABCDE1814F1Z2,INV-14237,2023-07-29,272522.62,49054.07,321576.69
63049fffe821494e8ce51d295078aba2,07BBBBB2812B1Z352,11ABCDE9399F1Z46,INV-14324,2023-05-08,181979.07,32756.23,214735.30000000002
58a0185c7b2344c1a890035f69138a0e,31ABCDE9311F1Z1114,24ABCDE5728F1Z16,INV-14330,2023-12-17,118211.02,21276.18,139477.2
c3300b482e054eba9be813d7f8615d07,07BBBBB2405B1Z43,11ABCDE5920F1Z25,INV-14340,2023-08-18,424217.03,76359.07,500576.10000000003
fc01087d6d754a008bcb9da37350acfa,32ABCDE4394F1Z1042,35ABCDE5420F1Z38,INV-14357,2023-11-25,178440.59,32119.31,210559.9
3712c8809492458ea8e4f0f6a00220db,30ABCDE6342F1Z444,26ABCDE7298F1Z10,INV-14395,2023-04-30,333070.28,59952.65,393022.93000000005
9f2b715c40fd40108b7fdb60e04617b1,32ABCDE7693F1Z8,15ABCDE2773F1Z41,INV-14431,2023-06-08,441772.01,79518.96,521290.97000000003
7907fc6c57d04aaa8b485d232bf6ac4b,29ABCDE6278F1Z931,23ABCDE9697F1Z23,INV-14442,2023-12-25,482433.98,86838.12,569272.1
8a92cf3769f14a7ba69f3a3f3a9ad33d,12ABCDE9342F1Z339,31ABCDE4676F1Z28,INV-14462,2023-10-18,444187.66,79953.78,524141.43999999994
25bf444dcce340d6aae1e45c2ce5c998,24ABCDE9303F1Z485,23ABCDE9697F1Z23,INV-14472,2023-12-27,413787.38,74481.73,488269.11
d92ae2f10fca4fd1a3ea72b016fe3abd,28ABCDE1530F1Z1133,16ABCDE2783F1Z11,INV-14521,2023-05-17,405229.08,72941.23,478170.31
b813ee7427544c9da60adf1df6d22c9d,28ABCDE4765F1Z1109,27ABCDE2814F1Z6,INV-14523,2023-12-05,496900.07,89442.01,586342.08
6aa436ed01f540abaa4d0ade7990d3b1,32ABCDE5551F1Z146,29ABCDE1885F1Z37,INV-14559,2023-07-21,485050.78,87309.14,572359.92
1b9f03f64857487c998a23aa7618a5bc,20ABCDE6812F1Z54,24ABCDE5728F1Z16,INV-14596,2023-07-29,122512.51,22052.25,144564.76
1938e526ef8a4b90b2ebae68d29246da,25ABCDE9668F1Z472,26ABCDE4287F1Z21,INV-14649,2023-05-24,280750.13,50535.02,331285.15
d0062e7b2b074204a90cc85a78270c88,33ABCDE2626F1Z49,33ABCDE2626F1Z49,INV-14723,2023-07-06,490924.62,88364.63,579279.25
67bbe0bc75f94592920786286c62b061,11ABCDE2304F1Z864,30ABCDE7513F1Z15,INV-14843,2023-06-12,136485.57,24567.4,161052.97
8a27204d52dd46718eecb40aaee6ba32,07BBBBB6442B1Z269,31ABCDE7167F1Z32,INV-14891,2024-01-23,230140.44,41425.28,271565.72
cc462d92d5ee4cbf87188dc925086b8e,14ABCDE6695F1Z65,27ABCDE2814F1Z6,INV-14900,2023-08-13,231287.13,41631.68,272918.81
cf23ee271d0946d9866b5dd60940d275,17ABCDE8591F1Z1044,12ABCDE9263F1Z12,INV-14903,2023-05-29,367215.54,66098.8,433314.33999999997
c4becb3df7224cbb8e4e0849f438a2b7,23ABCDE1380F1Z516,18ABCDE3334F1Z13,INV-14940,2023-06-26,449997.29,80999.51,530996.7999999999
f8fec144f7d244bcba57604d51aec92f,07BBBBB5365B1Z223,21ABCDE9896F1Z45,INV-14944,2023-05-02,147277.99,26510.04,173788.03
cd175a124daa4b1f9376dc03948a6c67,25ABCDE1666F1Z738,20ABCDE9440F1Z34,INV-14979,2023-12-22,310274.05,55849.33,366123.38
c361364eb6454261a10f18f77ae6e745,35ABCDE7046F1Z1075,20ABCDE8432F1Z5,INV-15036,2024-01-18,495525.73,89194.63,584720.36
2aad1550823d41779323352d6e451f7e,07BBBBB3762B1Z348,31ABCDE8067F1Z20,INV-15040,2023-09-14,383929.63,69107.33,453036.96
1baa5c85a7a442059b0a2ddca377dd18,21ABCDE3550F1Z890,20ABCDE9440F1Z34,INV-15110,2023-12-03,140841.7,25351.51,166193.21000000002
b9b2a7cc12f84a09a16c7e3d4b4877ff,26ABCDE1845F1Z179,16ABCDE2783F1Z11,INV-15118,2023-04-15,408699.01,73565.82,482264.83
0c504ee0a9254b6f8fcd90d6b6d0aa9c,18ABCDE3334F1Z13,35ABCDE9331F1Z9,INV-15136,2024-01-24,477289.15,85912.05,563201.2000000001
b90babc6f9ae46e991df3607494780d6,14ABCDE2282F1Z989,27ABCDE2814F1Z6,INV-15154,2023-08-09,188330.41,33899.47,222229.88
ef751c005ca24f08bf3920309010e131,23ABCDE1877F1Z681,35ABCDE9331F1Z9,INV-15208,2023-11-16,479713.97,86348.51,566062.48
da9025b6c26c46a4bd5fa8d8c1f86bf0,22ABCDE4849F1Z299,18ABCDE9015F1Z48,INV-15211,2023-08-10,50599.42,9107.9,59707.32
c7d921c82abf4c5f939003ad82f162df,35ABCDE5913F1Z587,21ABCDE9896F1Z45,INV-15223,2023-05-23,225953.7,40671.67,266625.37
15a9585183754e3bac0dfe5c03ecfb48,36ABCDE5527F1Z353,26ABCDE1891F1Z14,INV-15235,2023-06-30,175047.71,31508.59,206556.3
e2d2849ba21144038a70a306cf4f673e,35ABCDE5742F1Z650,35ABCDE4671F1Z18,INV-15271,2023-12-04,428369.88,77106.58,505476.46
591fdd254ed747639b70fca6600164ca,07BBBBB9658B1Z251,33ABCDE6274F1Z1,INV-15278,2023-09-25,431681.78,77702.72,509384.5
886caaf9ac8049adb5180fbd88e03d70,29ABCDE3626F1Z505,20ABCDE9440F1Z34,INV-15309,2023-11-17,285486.53,51387.58,336874.11000000004
bd0718aea63f4cf5b913f5dc41523cf0,11ABCDE4134F1Z588,32ABCDE7693F1Z8,INV-15322,2023-09-05,248400.85,44712.15,293113.0
1c38e14fc9104d12b0367913153f1d94,14ABCDE1947F1Z399,12ABCDE9263F1Z12,INV-15323,2023-05-28,189973.89,34195.3,224169.19
57365def91254e6aa57bffa8c8a157c2,27ABCDE2814F1Z6,18ABCDE3334F1Z13,MISSPELLED-123,2023-09-23,467210.12,84097.82,551307.94
c05c27cb60b14faa9ab8fe480f05c71a,25ABCDE6703F1Z1018,16ABCDE2783F1Z11,INV-15334,2023-11-01,466547.61,83978.57,550526.1799999999
fb438951da3a4239bc43d21b86bc6edf,17ABCDE1295F1Z955,21ABCDE9896F1Z45,INV-15335,2023-10-24,368085.89,66255.46,434341.35000000003
f1d68dfa5f774f18b41ecd19f0b3e82c,24ABCDE9841F1Z725,29ABCDE3989F1Z31,INV-15376,2023-08-23,294727.29,53050.91,347778.19999999995
d30d629bcf684cf9aab6aeefb39a4bf6,30ABCDE5381F1Z784,35ABCDE6794F1Z24,INV-15382,2023-09-19,453150.73,81567.13,534717.86
fbe632585d8f4c8a9e0932d0b8739c2c,16ABCDE2051F1Z956,31ABCDE8067F1Z20,INV-15413,2023-11-03,414324.16,74578.35,488902.51
5ce1df1bc5764719b3985b5eafee5341,32ABCDE4881F1Z1185,31ABCDE8067F1Z20,INV-15420,2023-05-24,410830.12,73949.42,484779.54
4047dacba5cd4c37aa28435723c6c478,25ABCDE4358F1Z1036,22ABCDE6648F1Z3,INV-15421,2023-05-06,108790.93,19582.37,128373.29999999999
0df018ad532b4f4484e8162c7b4a18cf,07BBBBB7776B1Z481,14ABCDE8703F1Z4,INV-15422,2023-12-07,333159.37,59968.69,393128.06
22be310e0d4d4c368ed0ce10dd271c8f,07BBBBB1105B1Z474,31ABCDE8067F1Z20,INV-15439,2023-08-25,96481.77,17366.72,113848.49
6c2a32b38e9e44fea0d3cf512cbdcdc6,33ABCDE6309F1Z531,31ABCDE7167F1Z32,INV-15477,2023-10-22,133253.92,23985.71,157239.63
ce998418934f4c73aa3caf001a7c9581,33ABCDE7671F1Z344,18ABCDE1814F1Z2,INV-15492,2024-01-16,175860.69,31654.92,207515.61
78d74bfcbc1c46fa85506aec2ccf047f,20ABCDE4734F1Z1021,33ABCDE2626F1Z49,INV-15518,2023-06-26,96864.57,17435.62,114300.19
5137251e4ea94a8cb91e0c80b8d0f180,18ABCDE3535F1Z592,25ABCDE8939F1Z26,INV-15527,2023-10-26,65398.57,11771.74,77170.31
f863fce0bca64b35a1adf07fcc420c2a,25ABCDE8551F1Z1153,31ABCDE7167F1Z32,INV-15559,2023-06-08,63599.82,11447.97,75047.79
ef3e6ab03b9f4c2c90e3978515b8e993,16ABCDE6161F1Z431,12ABCDE5551F1Z35,INV-15586,2023-08-21,104857.78,18874.4,123732.18
651839cb28dc4aeb9416755acb4cb12e,19ABCDE2975F1Z691,31ABCDE7167F1Z32,INV-15610,2023-04-10,257474.13,46345.34,303819.47
8c632a0fee8b4d0e85a0495df450a726,30ABCDE3471F1Z745,26ABCDE1891F1Z14,INV-15620,2023-10-17,209773.16,37759.17,247532.33000000002
581fcad524214dd49c5346700e7f7e60,20ABCDE6812F1Z54,20ABCDE9440F1Z34,INV-15651,2023-12-25,391036.06,70386.49,461422.55
2df7b96c68404875a5e028b438620c31,29ABCDE7939F1Z522,18ABCDE9015F1Z48,INV-15668,2023-12-16,378864.51,68195.61,447060.12
28dff129995a4befadb1c3e50ce2ebb2,14ABCDE5687F1Z177,17ABCDE6687F1Z19,INV-15669,2023-09-30,324852.46,58473.44,383325.9
148f140791994325b80f77779f32d234,30ABCDE3864F1Z976,32ABCDE7693F1Z8,INV-15687,2024-01-10,326483.84,58767.09,385250.93000000005
3b2ccfcd92034ef995044ca3c3199151,29ABCDE7072F1Z797,31ABCDE4676F1Z28,INV-15728,2023-08-11,162200.48,29196.09,191396.57
aac5718e2eb54326ad19dd15a3ca50ce,07BBBBB5363B1Z121,18ABCDE9015F1Z48,INV-15733,2023-09-25,338293.73,60891.07,399174.8
4b1bfe5a66e24233854cad5d2c3fcb0c,14ABCDE8703F1Z4,12ABCDE9263F1Z12,INV-15797,2023-04-09,180972.86,32575.11,213547.96999999997
e4ca5903f70c4230b830d719f2902bdb,10ABCDE2230F1Z259,24ABCDE5728F1Z16,INV-15800,2023-05-13,130009.43,23401.7,153411.13
640bfeafba3240c985ab7359ce04c1fc,16ABCDE8549F1Z156,13ABCDE1278F1Z36,INV-15840,2023-09-06,189387.25,34089.71,223476.96
400171878a6f4e27addfed0437715fd0,35ABCDE1787F1Z624,29ABCDE1885F1Z37,INV-15857,2024-01-07,369683.89,66543.1,436226.99
9ec1b6007d144dfa89cf700c7546c500,36ABCDE7356F1Z716,31ABCDE4676F1Z28,INV-15955,2023-07-07,207493.25,37348.78,244842.03
9d932b9c5d1249c480871c83774366b5,18ABCDE7051F1Z826,26ABCDE4287F1Z21,INV-15965,2023-08-25,331625.68,59692.62,391318.3
