Gstin,Gstr1_Liability,Gstr3b_Paid
27AAAAA7009A1Z0,362981.12,20703.57
27AAAAA5558A1Z1,512548.91,87136.52
27AAAAA8421A1Z2,329547.22,49885.83
27AAAAA2109A1Z3,129592.31,23529.68
27AAAAA5043A1Z4,347595.69,29507.9
27AAAAA8681A1Z5,265288.72,25138.33
27AAAAA2328A1Z6,300130.31,35366.47
27AAAAA3202A1Z7,255965.96999999997,16889.98
27AAAAA4453A1Z8,539405.8300000001,5453.21
27AAAAA3776A1Z9,342680.61999999994,21527.19
27AAAAA7114A1Z10,662524.21,90881.81
27AAAAA8331A1Z11,246621.62,21115.61
27AAAAA4624A1Z12,235366.7,31352.51
27AAAAA8147A1Z13,193002.79,18910.46
27AAAAA8028A1Z14,539819.68,36143.88
27AAAAA1798A1Z15,82642.37,12558.63
27AAAAA2239A1Z16,457496.68999999994,61012.02
27AAAAA2285A1Z17,391574.26,15096.75
27AAAAA3363A1Z18,502783.86,69215.39
27AAAAA8718A1Z19,225998.76999999996,40298.95
27AAAAA8744A1Z20,227793.69,2574.37
27AAAAA7096A1Z21,258788.24000000002,11233.54
27AAAAA7263A1Z22,183139.93999999997,36215.04
27AAAAA3971A1Z23,607244.97,65077.82
27AAAAA5726A1Z24,279832.47,9523.55
27AAAAA7649A1Z25,557947.26,5613.09
27AAAAA7634A1Z26,225779.24,5702.33
27AAAAA4075A1Z27,461908.29,36154.95
27AAAAA9799A1Z28,138445.21,4902.32
27AAAAA2726A1Z29,283693.62,29851.41
27AAAAA9800A1Z30,488059.88999999996,92440.7
27AAAAA6193A1Z31,448583.27,45522.33
27AAAAA5512A1Z32,313559.22,41266.23
27AAAAA1559A1Z33,281610.41,45322.21
27AAAAA5498A1Z34,292863.38,19479.75
27AAAAA8867A1Z35,657066.9099999999,116225.69
27AAAAA4627A1Z36,412510.79,46276.12
27AAAAA9991A1Z37,425660.85000000003,59726.31
27AAAAA5929A1Z38,497789.29,78098.61
27AAAAA4780A1Z39,530722.93,76526.17
27AAAAA1856A1Z40,324956.8,36814.51
27AAAAA5925A1Z41,745139.77,11199.17
27AAAAA3860A1Z42,283672.15,40291.65
27AAAAA6300A1Z43,334354.33999999997,33958.05
27AAAAA6852A1Z44,298893.72,54652.39
27AAAAA3150A1Z45,599310.4,24361.07
27AAAAA7903A1Z46,251141.25,24619.16
27AAAAA8895A1Z47,247248.19999999998,12524.24
27AAAAA5089A1Z48,403258.06000000006,18651.99
27AAAAA3748A1Z49,528185.37,22809.9
27AAAAA6757A1Z50,230428.25,43450.64
27AAAAA3630A1Z51,457804.51,16386.41
27AAAAA4535A1Z52,575395.42,13620.08
27AAAAA8870A1Z53,399049.79,70108.43
27AAAAA1550A1Z54,335029.98,19020.63
27AAAAA8811A1Z55,467668.2700000001,80538.08
27AAAAA6445A1Z56,594133.03,105596.55
27AAAAA4221A1Z57,484008.72000000003,42826.0
27AAAAA5267A1Z58,408418.17,16183.71
27AAAAA5597A1Z59,312228.45999999996,15673.6
27AAAAA6343A1Z60,405047.57,56131.25
27AAAAA5878A1Z61,313442.38,27900.65
27AAAAA7993A1Z62,238129.18999999997,13423.06
27AAAAA4729A1Z63,288764.32999999996,36808.89
27AAAAA6931A1Z64,427376.56000000006,84824.33
27AAAAA4638A1Z65,373993.45999999996,49887.93
27AAAAA5281A1Z66,511239.28,95594.02
27AAAAA8645A1Z67,73432.73,12277.78
27AAAAA9320A1Z68,609269.7900000002,99428.1
27AAAAA6091A1Z69,577216.55,39707.19
27AAAAA3141A1Z70,357010.43,18399.93
27AAAAA9392A1Z71,202828.80000000002,4980.12
27AAAAA5333A1Z72,416433.07,38570.78
27AAAAA9021A1Z73,469984.56000000006,67631.03
27AAAAA6970A1Z74,266830.55,23667.64
27AAAAA9596A1Z75,508800.19000000006,6754.33
27AAAAA9853A1Z76,427990.63,33880.38
27AAAAA3638A1Z77,438060.69,80875.59
27AAAAA9558A1Z78,255572.0,14139.95
27AAAAA6694A1Z79,703987.84,89947.33
27AAAAA8870A1Z80,274576.94000000006,33627.62
27AAAAA5639A1Z81,341662.18999999994,40534.64
27AAAAA9461A1Z82,366214.58,5729.42
27AAAAA9184A1Z83,131077.73,22653.85
27AAAAA4511A1Z84,247356.45,28249.32
27AAAAA1587A1Z85,223633.49,39508.07
27AAAAA9347A1Z86,546338.1599999999,107498.67
27AAAAA9587A1Z87,545611.74,10067.18
27AAAAA8810A1Z88,287046.6,39986.17
27AAAAA8190A1Z89,305472.22,24664.39
27AAAAA6326A1Z90,409685.87,5414.11
27AAAAA6481A1Z91,420224.83,5920.41
27AAAAA3487A1Z92,334211.51999999996,48006.74
27AAAAA3241A1Z93,348555.56000000006,34411.99
27AAAAA1315A1Z94,427336.71,7167.17
27AAAAA8284A1Z95,554609.5499999999,49633.23
27AAAAA1903A1Z96,77959.84,9558.94
27AAAAA7597A1Z97,300935.58999999997,32133.58
27AAAAA7252A1Z98,493600.8299999999,84712.83
27AAAAA1390A1Z99,295859.29,39825.22
27AAAAA4135A1Z100,382286.05,60266.87
27AAAAA3434A1Z101,261525.86,25039.85
27AAAAA3055A1Z102,363591.55,10827.26
27AAAAA4773A1Z103,199765.13999999998,32072.33
27AAAAA4096A1Z104,370694.87999999995,46849.31
27AAAAA3070A1Z105,158899.98,30779.73
27AAAAA4596A1Z106,116512.51999999999,9674.43
27AAAAA7966A1Z107,477561.63,35720.87
27AAAAA4078A1Z108,497602.23,86564.01
27AAAAA1361A1Z109,398797.59,12626.83
27AAAAA3249A1Z110,623768.96,28431.59
27AAAAA4449A1Z111,331873.76,20020.05
27AAAAA2855A1Z112,497919.29,24362.62
27AAAAA1997A1Z113,505943.83,49366.74
27AAAAA6749A1Z114,279934.0,29804.21
27AAAAA8579A1Z115,308257.81,58118.99
27AAAAA8584A1Z116,286768.92000000004,48866.11
27AAAAA7979A1Z117,472939.12000000005,42987.8
27AAAAA4213A1Z118,334307.74,12149.33
27AAAAA1558A1Z119,402323.74,13564.07
27AAAAA7883A1Z120,537220.55,37090.36
27AAAAA5713A1Z121,187834.04,6533.74
27AAAAA9685A1Z122,169230.59,6361.3
27AAAAA6273A1Z123,150433.56,20918.11
27AAAAA8541A1Z124,328138.43,37347.26
27AAAAA5530A1Z125,450262.82,25983.53
27AAAAA7062A1Z126,318928.74,61531.99
27AAAAA6444A1Z127,291189.29,44017.91
27AAAAA6796A1Z128,373629.1,29807.18
27AAAAA8060A1Z129,542790.62,81218.41
27AAAAA2817A1Z130,228641.65,21681.94
27AAAAA2431A1Z131,119873.32,7409.95
27AAAAA5211A1Z132,320220.80000000005,23384.67
27AAAAA8124A1Z133,525901.14,72418.9
27AAAAA7259A1Z134,280579.22,20346.86
27AAAAA3185A1Z135,386820.44,43405.35
27AAAAA2839A1Z136,438776.42,70808.07
27AAAAA3913A1Z137,62441.08,653.18
27AAAAA1341A1Z138,256455.93999999997,5696.83
27AAAAA6401A1Z139,407267.77,21432.56
27AAAAA4587A1Z140,134977.12,19337.4
27AAAAA2341A1Z141,278417.35,53590.13
27AAAAA7242A1Z142,370963.73,27741.05
27AAAAA6713A1Z143,312844.4,43276.44
27AAAAA9686A1Z144,328400.07,31870.17
27AAAAA3226A1Z145,489306.91000000003,6325.44
27AAAAA7652A1Z146,72185.16,4253.24
27AAAAA2211A1Z147,588510.3300000001,87756.94
27AAAAA8431A1Z148,325502.56000000006,11160.15
27AAAAA9256A1Z149,499705.07999999996,72735.73
27AAAAA8511A1Z150,223606.82,40668.38
27AAAAA7321A1Z151,355399.24,4101.95
27AAAAA9200A1Z152,510311.17999999993,22333.55
27AAAAA1567A1Z153,304785.06999999995,30168.12
27AAAAA1376A1Z154,416031.36,55244.28
27AAAAA4542A1Z155,349091.45999999996,51209.66
27AAAAA2120A1Z156,430504.0,81253.88
27AAAAA5907A1Z157,437602.92000000004,87055.23
27AAAAA8383A1Z158,329350.51,65493.52
27AAAAA3752A1Z159,117046.81999999999,8316.96
27AAAAA7215A1Z160,338964.4199999999,13298.37
27AAAAA3943A1Z161,655853.9900000001,46760.14
27AAAAA5330A1Z162,642460.9800000001,75307.8
27AAAAA5538A1Z163,321831.1400000001,40736.29
27AAAAA6162A1Z164,356281.84,57144.21
27AAAAA3205A1Z165,224336.72000000003,24317.27
27AAAAA3315A1Z166,305861.33999999997,50968.77
27AAAAA5933A1Z167,207679.94999999998,19082.72
27AAAAA9962A1Z168,287993.35,8426.55
27AAAAA9900A1Z169,186315.29,33835.25
27AAAAA8316A1Z170,160883.01,20703.46
27AAAAA3356A1Z171,480163.54,59201.66
27AAAAA8540A1Z172,301259.48,39174.37
27AAAAA3430A1Z173,429360.63,21017.74
27AAAAA1905A1Z174,404880.33999999997,27556.71
27AAAAA6082A1Z175,176942.81,19006.94
27AAAAA5546A1Z176,162603.96,28834.64
27AAAAA3767A1Z177,319258.13,23678.98
27AAAAA4310A1Z178,337841.52,36620.26
27AAAAA1913A1Z179,605311.43,86275.99
27AAAAA1863A1Z180,342146.70999999996,37343.74
27AAAAA7706A1Z181,387918.85000000003,24905.19
27AAAAA7807A1Z182,219066.53,40712.44
27AAAAA4189A1Z183,732130.07,32615.74
27AAAAA8189A1Z184,448603.50000000006,63727.65
27AAAAA3027A1Z185,275911.39,48187.97
27AAAAA6083A1Z186,552474.0599999999,28547.82
27AAAAA3290A1Z187,469327.13000000006,28814.36
27AAAAA6679A1Z188,320605.92,61774.95
27AAAAA2716A1Z189,547021.8099999998,34836.87
27AAAAA3307A1Z190,429386.30000000005,32678.64
27AAAAA4118A1Z191,345402.77,6380.61
27AAAAA2337A1Z192,586487.11,59729.83
27AAAAA7979A1Z193,424078.1,16018.04
27AAAAA7594A1Z194,593497.86,100880.59
27AAAAA1231A1Z195,333930.83,47738.46
27AAAAA3397A1Z196,442318.45000000007,46494.12
27AAAAA9467A1Z197,600356.8700000001,77301.75
27AAAAA5225A1Z198,572900.11,60630.31
27AAAAA6628A1Z199,601722.3200000001,12925.52
27AAAAA5691A1Z200,432066.98,16714.06
27AAAAA5194A1Z201,266200.68,16034.52
27AAAAA5522A1Z202,202321.01,14796.87
27AAAAA8371A1Z203,275554.01,31338.55
27AAAAA4080A1Z204,255110.97,30516.99
27AAAAA5825A1Z205,498372.4,83788.65
27AAAAA9844A1Z206,291968.9,45309.48
27AAAAA8619A1Z207,369277.24,62200.57
27AAAAA7339A1Z208,325842.14999999997,48845.18
27AAAAA2353A1Z209,422153.75000000006,54470.65
27AAAAA1681A1Z210,287898.89999999997,5540.77
27AAAAA5120A1Z211,260630.31000000003,16032.91
27AAAAA3837A1Z212,535318.4099999999,34564.39
27AAAAA5066A1Z213,355421.12,65387.55
27AAAAA9627A1Z214,325740.95999999996,54271.47
27AAAAA2217A1Z215,302746.27999999997,10972.17
27AAAAA7635A1Z216,249899.93000000005,29851.05
27AAAAA3498A1Z217,398195.02,36431.78
27AAAAA7468A1Z218,142830.63999999998,15810.52
27AAAAA3454A1Z219,289806.07999999996,36506.24
27AAAAA8606A1Z220,277430.05,44735.48
27AAAAA4768A1Z221,384242.07,12096.78
27AAAAA3784A1Z222,484523.01,93716.52
27AAAAA2822A1Z223,551218.81,63709.05
27AAAAA1331A1Z224,518649.2799999999,83946.28
27AAAAA2443A1Z225,623554.3,40648.58
27AAAAA2252A1Z226,509905.61000000004,60174.63
27AAAAA6452A1Z227,249861.55000000002,10720.79
27AAAAA1035A1Z228,561837.75,49131.96
27AAAAA8131A1Z229,491736.35,32734.91
27AAAAA8477A1Z230,239843.83,8541.67
27AAAAA6581A1Z231,423688.70999999996,82936.87
27AAAAA8898A1Z232,388359.07,42098.69
27AAAAA1942A1Z233,253960.33999999997,7527.3
27AAAAA1594A1Z234,305181.99,3319.86
27AAAAA6597A1Z235,542640.5700000001,108204.04
27AAAAA5079A1Z236,765208.63,39273.87
27AAAAA7097A1Z237,388851.25,77195.1
27AAAAA8812A1Z238,227380.69999999998,6304.53
27AAAAA2781A1Z239,479278.64999999997,90378.02
27AAAAA3829A1Z240,508221.68,46035.08
27AAAAA7531A1Z241,325017.19,37546.16
27AAAAA9377A1Z242,349523.18,34286.53
27AAAAA2617A1Z243,301998.39,52872.79
27AAAAA1462A1Z244,267560.97,37516.08
27AAAAA1512A1Z245,388296.77999999997,66449.68
27AAAAA3189A1Z246,212104.31,9355.68
27AAAAA9304A1Z247,454099.89999999997,61375.97
27AAAAA2220A1Z248,403216.2,72823.58
27AAAAA3128A1Z249,311559.24000000005,38658.25
27AAAAA5241A1Z250,175397.16,2073.57
27AAAAA3092A1Z251,359814.1,6895.84
27AAAAA7338A1Z252,434714.7,53319.75
27AAAAA2308A1Z253,682324.6900000002,94852.55
27AAAAA1652A1Z254,370422.65,30100.19
27AAAAA6199A1Z255,69778.19,2460.21
27AAAAA8478A1Z256,361781.3400000001,71155.02
27AAAAA7346A1Z257,272916.17,35221.99
27AAAAA8083A1Z258,520351.78,17301.93
27AAAAA5228A1Z259,276162.05,11033.48
27AAAAA7399A1Z260,198513.43,5798.09
27AAAAA1036A1Z261,295816.04,50078.93
27AAAAA4307A1Z262,545579.21,70951.1
27AAAAA6070A1Z263,313635.78,9765.2
27AAAAA6467A1Z264,403925.44,69045.3
27AAAAA9672A1Z265,247381.11,10417.52
27AAAAA2408A1Z266,318076.09,36397.51
27AAAAA5545A1Z267,450046.42000000004,72173.28
27AAAAA3710A1Z268,233079.43,9334.63
27AAAAA2507A1Z269,622959.2100000002,73456.18
27AAAAA7627A1Z270,253226.72999999998,29436.35
27AAAAA3102A1Z271,372755.02,23119.06
27AAAAA5800A1Z272,339954.36,57154.17
27AAAAA3196A1Z273,370133.69,7897.32
27AAAAA5035A1Z274,285709.45999999996,35792.57
27AAAAA7468A1Z275,356195.12000000005,41496.74
27AAAAA9468A1Z276,244093.55,12248.55
27AAAAA1910A1Z277,302816.69000000006,39203.19
27AAAAA6289A1Z278,445853.0,86792.6
27AAAAA8802A1Z279,333672.21,55248.41
27AAAAA2602A1Z280,294793.31999999995,8525.51
27AAAAA8413A1Z281,362884.80000000005,56188.05
27AAAAA4042A1Z282,536452.21,8209.49
27AAAAA3500A1Z283,125705.73,3029.18
27AAAAA1976A1Z284,599957.91,31996.73
27AAAAA5083A1Z285,234640.68000000002,16897.73
27AAAAA8315A1Z286,579342.12,37510.58
27AAAAA5263A1Z287,343458.83,39758.07
27AAAAA8948A1Z288,432213.38000000006,10017.58
27AAAAA2736A1Z289,196770.81999999998,19136.81
27AAAAA1537A1Z290,344240.5800000001,32851.86
27AAAAA6092A1Z291,252586.95,2894.25
27AAAAA5604A1Z292,504459.92000000004,35927.48
27AAAAA7984A1Z293,367703.39999999997,73426.74
27AAAAA5770A1Z294,170085.74,11656.54
27AAAAA6741A1Z295,461476.97,6451.21
27AAAAA3693A1Z296,437890.12,37132.59
27AAAAA9462A1Z297,414070.51999999996,46758.72
27AAAAA9920A1Z298,339260.78,57699.26
27AAAAA2441A1Z299,311964.79000000004,20431.65
07BBBBB5781B1Z0,268074.88,25469.19
07BBBBB9052B1Z1,174489.43,15582.62
07BBBBB1714B1Z2,121603.8,21272.14
07BBBBB2745B1Z3,0.0,0.0
07BBBBB3655B1Z4,167861.92,15503.63
07BBBBB6698B1Z5,150560.3,22721.83
07BBBBB7489B1Z6,268970.37000000005,27045.47
07BBBBB9539B1Z7,251879.63,21262.64
07BBBBB5614B1Z8,0.0,0.0
07BBBBB1613B1Z9,249237.24,5164.34
07BBBBB6140B1Z10,214032.0,6147.6
07BBBBB9639B1Z11,403964.57000000007,11764.13
07BBBBB7426B1Z12,384796.4600000001,16495.72
07BBBBB7903B1Z13,154854.99,26434.29
07BBBBB7998B1Z14,23486.38,3226.74
07BBBBB1928B1Z15,76947.71,13089.51
07BBBBB6440B1Z16,134190.79,22915.98
07BBBBB8076B1Z17,210215.13999999998,15540.12
07BBBBB2026B1Z18,224375.51,15532.59
07BBBBB8723B1Z19,158980.12,9353.9
07BBBBB9925B1Z20,148970.83000000002,2896.97
07BBBBB3508B1Z21,173850.37,4317.85
07BBBBB6621B1Z22,182789.32,14748.11
07BBBBB4212B1Z23,0.0,0.0
07BBBBB6370B1Z24,154548.7,1778.57
07BBBBB5454B1Z25,155663.03,5616.77
07BBBBB7724B1Z26,212582.20999999996,18582.34
07BBBBB2478B1Z27,76118.87,4246.61
07BBBBB6394B1Z28,93101.12,9017.87
07BBBBB2041B1Z29,89286.53,9563.64
07BBBBB9997B1Z30,68668.34,13200.76
07BBBBB8616B1Z31,85117.47,1649.28
07BBBBB9470B1Z32,234127.89,17211.12
07BBBBB6804B1Z33,196826.52,36031.4
07BBBBB7126B1Z34,55772.51,3467.54
07BBBBB7001B1Z35,134173.07,25480.39
07BBBBB1986B1Z36,310686.57999999996,50462.02
07BBBBB9602B1Z37,47061.0,9301.06
07BBBBB8028B1Z38,238685.34,25481.5
07BBBBB5882B1Z39,135141.31999999998,19667.19
07BBBBB6347B1Z40,32212.74,4850.99
07BBBBB3169B1Z41,107212.29,9112.95
07BBBBB4538B1Z42,81453.34,12076.35
07BBBBB2405B1Z43,255484.42000000004,14462.11
07BBBBB8411B1Z44,90369.48,1714.98
07BBBBB5776B1Z45,86683.82,4218.06
07BBBBB2306B1Z46,0.0,0.0
07BBBBB6207B1Z47,62515.119999999995,9564.7
07BBBBB2286B1Z48,128349.65999999999,17792.98
07BBBBB4526B1Z49,260562.24,8175.28
07BBBBB2452B1Z50,111438.98999999999,3943.63
07BBBBB6263B1Z51,131054.01000000001,12647.78
07BBBBB5752B1Z52,87369.44,16894.72
07BBBBB9645B1Z53,277659.31,32546.57
07BBBBB5830B1Z54,128573.18999999999,14105.84
07BBBBB1287B1Z55,311736.82,8892.49
07BBBBB6347B1Z56,194864.19999999998,22328.83
07BBBBB9003B1Z57,143580.23,23079.77
07BBBBB6769B1Z58,174012.96000000002,28292.06
07BBBBB5201B1Z59,122548.09,12488.62
07BBBBB5743B1Z60,29261.68,921.76
07BBBBB1992B1Z61,151922.87,28383.09
07BBBBB7702B1Z62,101620.28,7209.5
07BBBBB3114B1Z63,133288.2,1865.3
07BBBBB4153B1Z64,16085.22,1629.21
07BBBBB3499B1Z65,231766.83,7680.1
07BBBBB4090B1Z66,242455.22999999998,20345.54
07BBBBB8040B1Z67,218371.90999999997,26499.85
07BBBBB8801B1Z68,78718.36,10464.79
07BBBBB2647B1Z69,156489.68,7432.48
07BBBBB9848B1Z70,297868.81,59155.16
07BBBBB6074B1Z71,215611.16,10094.29
07BBBBB3104B1Z72,63317.35,1611.34
07BBBBB5554B1Z73,26526.57,3931.7
07BBBBB4410B1Z74,91358.01,9761.57
07BBBBB6850B1Z75,86598.91,2771.27
07BBBBB7380B1Z76,55470.24,3808.86
07BBBBB2519B1Z77,64388.619999999995,4568.65
07BBBBB4060B1Z78,147791.66,29454.19
07BBBBB6409B1Z79,269857.37,31800.19
07BBBBB5278B1Z80,173517.36000000002,18700.42
07BBBBB8182B1Z81,123574.29999999999,19946.51
07BBBBB4868B1Z82,269850.82,26807.49
07BBBBB3075B1Z83,41137.17,1403.84
07BBBBB6316B1Z84,49764.37,5264.85
07BBBBB2266B1Z85,13883.94,553.46
07BBBBB2379B1Z86,22657.64,675.81
07BBBBB4908B1Z87,50167.57,5194.52
07BBBBB2579B1Z88,189115.4,22783.16
07BBBBB1746B1Z89,65462.41,11522.7
07BBBBB6666B1Z90,121532.24,12817.75
07BBBBB9388B1Z91,374510.23000000004,54629.61
07BBBBB4504B1Z92,214010.15000000002,38880.06
07BBBBB3552B1Z93,0.0,0.0
07BBBBB6023B1Z94,134997.43,1352.8
07BBBBB4208B1Z95,81133.15,14013.53
07BBBBB7770B1Z96,95855.91,3660.15
07BBBBB5161B1Z97,168281.22999999998,4010.79
07BBBBB4232B1Z98,156923.87,24981.75
07BBBBB8528B1Z99,421660.26999999996,32004.23
07BBBBB6069B1Z100,207572.36000000002,35594.6
07BBBBB5244B1Z101,157023.65,24291.91
07BBBBB1799B1Z102,223506.65000000002,28416.22
07BBBBB2076B1Z103,210475.78999999998,15165.38
07BBBBB6252B1Z104,175422.97999999998,27972.42
07BBBBB6701B1Z105,20540.17,3102.92
07BBBBB7489B1Z106,45980.8,3873.11
07BBBBB4149B1Z107,170712.91,19962.71
07BBBBB1903B1Z108,202443.87,10323.21
07BBBBB4058B1Z109,250402.43000000002,47069.94
07BBBBB7166B1Z110,88208.37,5254.12
07BBBBB1498B1Z111,265716.32999999996,39794.44
07BBBBB4624B1Z112,248561.25,10079.56
07BBBBB7867B1Z113,125982.77,17978.52
07BBBBB6647B1Z114,108150.23000000001,10054.95
07BBBBB3598B1Z115,112660.92,8052.66
07BBBBB6373B1Z116,44560.68,2411.34
07BBBBB3221B1Z117,72371.48,3400.62
07BBBBB1786B1Z118,300162.38,50984.61
07BBBBB7773B1Z119,28919.09,3610.03
07BBBBB1439B1Z120,164181.98,32688.02
07BBBBB5363B1Z121,233071.68,20105.12
07BBBBB3894B1Z122,51959.51,3535.64
07BBBBB2422B1Z123,385991.11,31751.46
07BBBBB7555B1Z124,219207.49,28645.03
07BBBBB3144B1Z125,88588.65,1194.25
07BBBBB3717B1Z126,60720.58,5835.12
07BBBBB3260B1Z127,110054.63,9860.82
07BBBBB6434B1Z128,0.0,0.0
07BBBBB8904B1Z129,222559.6,35710.88
07BBBBB6509B1Z130,141591.05,9353.66
07BBBBB5368B1Z131,37707.6,3755.82
07BBBBB3850B1Z132,63277.57000000001,3182.49
07BBBBB8879B1Z133,143088.16999999998,9264.05
07BBBBB9068B1Z134,214419.88999999998,23046.11
07BBBBB3283B1Z135,137385.18,21044.19
07BBBBB4188B1Z136,71846.83,13798.5
07BBBBB5227B1Z137,42778.45,1660.89
07BBBBB1737B1Z138,182964.71,18765.44
07BBBBB1842B1Z139,237742.13,18504.7
07BBBBB7629B1Z140,235762.65999999997,40559.42
07BBBBB5554B1Z141,70072.23,2770.17
07BBBBB4393B1Z142,106901.29999999999,11787.33
07BBBBB4396B1Z143,153556.90000000002,3665.94
07BBBBB3816B1Z144,179056.97999999998,26428.68
07BBBBB5942B1Z145,26975.04,2616.34
07BBBBB7210B1Z146,85086.82,15930.53
07BBBBB1299B1Z147,339494.33999999997,4837.86
07BBBBB4773B1Z148,148355.51,11905.72
07BBBBB6062B1Z149,276163.17,32082.19
07BBBBB9349B1Z150,143592.76,1459.81
07BBBBB2309B1Z151,82759.57,9477.29
07BBBBB2635B1Z152,157495.93,26703.21
07BBBBB9555B1Z153,238880.21999999997,24327.24
07BBBBB6168B1Z154,88838.78,12076.49
07BBBBB2705B1Z155,159609.31,19194.98
07BBBBB2080B1Z156,50721.51,9417.56
07BBBBB1161B1Z157,454994.88000000006,68064.48
07BBBBB8185B1Z158,351731.21,47865.25
07BBBBB7864B1Z159,100732.58,18643.15
07BBBBB6618B1Z160,58504.74,8330.88
07BBBBB1510B1Z161,142876.77000000002,7068.93
07BBBBB7317B1Z162,159588.55,15619.97
07BBBBB8508B1Z163,64611.05,12720.6
07BBBBB5879B1Z164,139003.53,8770.65
07BBBBB7506B1Z165,73755.94,12467.47
07BBBBB4825B1Z166,103452.47,12230.0
07BBBBB5035B1Z167,239332.51,28779.28
07BBBBB5659B1Z168,83197.36,8696.3
07BBBBB8324B1Z169,156129.61,27298.62
07BBBBB5309B1Z170,194042.29,3898.17
07BBBBB4655B1Z171,125882.78,17397.02
07BBBBB5227B1Z172,101821.07,13847.47
07BBBBB8045B1Z173,73233.57,2700.69
07BBBBB6098B1Z174,168883.28,28493.28
07BBBBB8468B1Z175,79583.18,13751.68
07BBBBB7758B1Z176,33973.899999999994,2094.93
07BBBBB9419B1Z177,46504.72,2550.05
07BBBBB3332B1Z178,97513.33,18688.1
07BBBBB6594B1Z179,146459.44,28405.42
07BBBBB6470B1Z180,231631.86,36294.1
07BBBBB2732B1Z181,35326.55,4994.13
07BBBBB4391B1Z182,202947.32,12042.94
07BBBBB3034B1Z183,34106.55,6222.69
07BBBBB9977B1Z184,60011.46,3137.83
07BBBBB5798B1Z185,99649.31,10703.95
07BBBBB9096B1Z186,83577.34,10608.43
07BBBBB3466B1Z187,125131.36,15189.11
07BBBBB4265B1Z188,207246.59000000003,8328.17
07BBBBB2465B1Z189,180082.09,4324.54
07BBBBB7144B1Z190,136908.19,18335.78
07BBBBB6651B1Z191,69235.76,3033.93
07BBBBB4657B1Z192,184149.1,11950.68
07BBBBB8784B1Z193,72775.72,4016.76
07BBBBB7949B1Z194,50422.47,7220.62
07BBBBB5790B1Z195,178088.38,19594.49
07BBBBB3240B1Z196,169320.57,11463.15
07BBBBB3646B1Z197,180542.61,32599.43
07BBBBB1734B1Z198,72698.45,11637.19
07BBBBB3812B1Z199,323271.37,55873.69
07BBBBB5362B1Z200,229996.64999999997,31922.27
07BBBBB5500B1Z201,53913.0,1786.56
07BBBBB1720B1Z202,0.0,0.0
07BBBBB2169B1Z203,97022.95,13003.54
07BBBBB9720B1Z204,68266.6,7672.55
07BBBBB3059B1Z205,157824.38,23482.84
07BBBBB8234B1Z206,354203.72,39738.19
07BBBBB7821B1Z207,171177.84000000003,16284.98
07BBBBB3900B1Z208,40355.05,1379.56
07BBBBB6879B1Z209,145835.34,8598.06
07BBBBB6279B1Z210,173333.93,9848.83
07BBBBB4256B1Z211,183222.06,25376.74
07BBBBB4090B1Z212,161150.81,16245.47
07BBBBB1628B1Z213,157806.06,30485.75
07BBBBB9690B1Z214,221805.89,27030.1
07BBBBB7503B1Z215,126993.51999999999,15839.45
07BBBBB7054B1Z216,318360.61,31297.84
07BBBBB2036B1Z217,287115.25,25755.47
07BBBBB5287B1Z218,146132.67,19657.37
07BBBBB6542B1Z219,35598.07,2026.63
07BBBBB5892B1Z220,236353.67,41357.16
07BBBBB3340B1Z221,0.0,0.0
07BBBBB4324B1Z222,152585.57,19680.31
07BBBBB5365B1Z223,244354.53000000003,28263.58
07BBBBB6881B1Z224,29963.35,4553.12
07BBBBB2529B1Z225,57506.35,2646.36
07BBBBB1466B1Z226,0.0,0.0
07BBBBB3095B1Z227,49229.76,893.79
07BBBBB9701B1Z228,203590.61,26929.5
07BBBBB4826B1Z229,242908.08,7637.9
07BBBBB5865B1Z230,169926.88,23238.3
07BBBBB6840B1Z231,250539.34000000003,33610.59
07BBBBB7014B1Z232,32816.35,5929.22
07BBBBB6646B1Z233,133489.08000000002,26530.76
07BBBBB5385B1Z234,133758.28,7832.41
07BBBBB2259B1Z235,148463.17,12429.19
07BBBBB2980B1Z236,57736.12,7600.71
07BBBBB8570B1Z237,162461.18,2587.3
07BBBBB8991B1Z238,332585.89,21337.01
07BBBBB5838B1Z239,67582.25,7093.4
07BBBBB3076B1Z240,131639.59,23304.24
07BBBBB7063B1Z241,232558.59999999998,12349.05
07BBBBB9317B1Z242,0.0,0.0
07BBBBB7979B1Z243,222915.16,28064.5
07BBBBB7305B1Z244,133977.91,4582.84
07BBBBB5128B1Z245,73069.19,6089.89
07BBBBB2829B1Z246,34043.28,6306.38
07BBBBB1727B1Z247,125256.48,23320.78
07BBBBB1145B1Z248,234839.91000000003,36419.48
07BBBBB9094B1Z249,173780.41,28450.32
07BBBBB2526B1Z250,32817.4,927.11
07BBBBB9658B1Z251,307624.15,33132.66
07BBBBB3189B1Z252,137191.6,25099.58
07BBBBB9438B1Z253,54030.82,7475.06
07BBBBB4916B1Z254,116779.82,5731.15
07BBBBB1722B1Z255,69287.1,3001.16
07BBBBB8056B1Z256,0.0,0.0
07BBBBB4823B1Z257,324444.28,45998.04
07BBBBB1792B1Z258,411321.48000000004,41631.97
07BBBBB4692B1Z259,11553.59,2228.87
07BBBBB2083B1Z260,99357.28,12021.18
07BBBBB4325B1Z261,129254.27,12191.85
07BBBBB2227B1Z262,125764.4,12648.62
07BBBBB7925B1Z263,80547.65,1965.3
07BBBBB4283B1Z264,98346.59999999999,17683.11
07BBBBB1159B1Z265,219432.57,2705.35
07BBBBB3871B1Z266,65038.46,10541.88
07BBBBB9495B1Z267,125798.37999999999,7823.22
07BBBBB2723B1Z268,46670.45,7166.99
07BBBBB6442B1Z269,257411.38,43888.9
07BBBBB2722B1Z270,65026.44,1522.47
07BBBBB9506B1Z271,71739.27,4075.89
07BBBBB1795B1Z272,70849.42,5243.96
07BBBBB8955B1Z273,10161.14,1823.2
07BBBBB2123B1Z274,128843.53,20136.8
07BBBBB1681B1Z275,0.0,0.0
07BBBBB8489B1Z276,9583.54,1452.4
07BBBBB4424B1Z277,89443.12,15132.13
07BBBBB7149B1Z278,101492.85,15002.83
07BBBBB8713B1Z279,63341.66,7173.58
07BBBBB3150B1Z280,15992.81,2060.05
07BBBBB3698B1Z281,256453.05000000002,19353.25
07BBBBB1713B1Z282,150684.41,13721.21
07BBBBB1288B1Z283,160517.1,18607.17
07BBBBB2316B1Z284,92121.88,5402.67
07BBBBB5545B1Z285,227720.87,38100.71
07BBBBB9740B1Z286,363471.28,69967.89
07BBBBB8823B1Z287,193584.43,35305.14
07BBBBB6536B1Z288,243416.13,18563.28
07BBBBB2159B1Z289,91755.89,16589.3
07BBBBB8430B1Z290,147139.32,17567.6
07BBBBB8631B1Z291,0.0,0.0
07BBBBB4325B1Z292,382836.52,39136.86
07BBBBB7201B1Z293,336819.36,58446.48
07BBBBB8250B1Z294,129626.58,12068.76
07BBBBB1183B1Z295,260977.61000000002,51191.72
07BBBBB6301B1Z296,173391.24,17043.6
07BBBBB8173B1Z297,76269.21,1472.7
07BBBBB3013B1Z298,236016.53,43301.1
07BBBBB8084B1Z299,0.0,0.0
07BBBBB8798B1Z300,172720.78999999998,3816.33
07BBBBB7862B1Z301,49301.490000000005,1979.08
07BBBBB7103B1Z302,184025.41,31829.81
07BBBBB4639B1Z303,105824.22,2930.27
07BBBBB4845B1Z304,258253.8,51052.4
07BBBBB2673B1Z305,216281.44,11117.39
07BBBBB7116B1Z306,26684.18,524.41
07BBBBB7238B1Z307,97406.82,4277.54
07BBBBB6638B1Z308,184615.15000000002,5764.14
07BBBBB6350B1Z309,300983.31,26945.38
07BBBBB1067B1Z310,293911.15,24319.09
07BBBBB3164B1Z311,273358.89,27713.79
07BBBBB3020B1Z312,84326.97,2659.27
07BBBBB9602B1Z313,101040.72,1836.81
07BBBBB6391B1Z314,120167.46999999999,3471.95
07BBBBB7685B1Z315,89756.69,3454.57
07BBBBB2605B1Z316,0.0,0.0
07BBBBB4336B1Z317,88324.01999999999,12762.08
07BBBBB4633B1Z318,124179.29000000001,22894.57
07BBBBB1318B1Z319,111098.39000000001,2602.41
07BBBBB8200B1Z320,72076.32,7450.74
07BBBBB5795B1Z321,40648.98,736.2
07BBBBB6853B1Z322,49663.69,6968.23
07BBBBB6112B1Z323,125326.5,9700.89
07BBBBB7606B1Z324,182932.63,17190.19
07BBBBB4086B1Z325,260439.88999999998,32531.1
07BBBBB8584B1Z326,188204.9,3573.37
07BBBBB2651B1Z327,212153.69,19507.49
07BBBBB2017B1Z328,314734.53,40886.17
07BBBBB9078B1Z329,80474.89,6800.72
07BBBBB5594B1Z330,329659.94999999995,8524.07
07BBBBB2029B1Z331,230436.34999999998,5013.52
07BBBBB5569B1Z332,268551.14,20772.57
07BBBBB9452B1Z333,291847.65,39858.02
07BBBBB8156B1Z334,212905.20999999996,31088.47
07BBBBB2628B1Z335,81765.33,11435.48
07BBBBB8243B1Z336,38211.55,5047.71
07BBBBB3150B1Z337,97864.51,3367.03
07BBBBB5531B1Z338,137253.65,18275.26
07BBBBB6218B1Z339,12647.46,2329.92
07BBBBB7325B1Z340,125022.51000000001,6418.1
07BBBBB6096B1Z341,24822.15,4799.3
07BBBBB8684B1Z342,38467.73,5230.24
07BBBBB2797B1Z343,94079.15,10438.06
07BBBBB1039B1Z344,73877.26,3355.07
07BBBBB2450B1Z345,171753.05,2272.95
07BBBBB5082B1Z346,258741.38,46884.84
07BBBBB3812B1Z347,125623.86,5781.53
07BBBBB3762B1Z348,201366.75,11973.77
07BBBBB9855B1Z349,106439.1,14936.47
07BBBBB2233B1Z350,149244.85,23102.88
07BBBBB8545B1Z351,369639.84,14721.93
07BBBBB2812B1Z352,161080.54,26758.68
07BBBBB5970B1Z353,65765.92,10155.26
07BBBBB2942B1Z354,136925.49,19965.39
07BBBBB9206B1Z355,159192.6,3300.78
07BBBBB8022B1Z356,283045.91000000003,36325.0
07BBBBB8224B1Z357,97966.23,11123.56
07BBBBB5812B1Z358,124154.26999999999,9346.12
07BBBBB9416B1Z359,148832.57,4001.83
07BBBBB5933B1Z360,53477.450000000004,10684.79
07BBBBB9330B1Z361,101298.23999999999,17724.66
07BBBBB9122B1Z362,275498.98,37600.56
07BBBBB1969B1Z363,196994.94999999998,6765.29
07BBBBB2004B1Z364,182717.46,14018.95
07BBBBB9958B1Z365,173013.13,16222.37
07BBBBB2942B1Z366,151636.11,3911.96
07BBBBB8125B1Z367,153363.57,8521.55
07BBBBB2380B1Z368,63521.81,4206.63
07BBBBB6341B1Z369,276120.64,24865.06
07BBBBB5633B1Z370,191124.45,26745.74
07BBBBB3492B1Z371,41010.92,3968.16
07BBBBB6851B1Z372,77714.58,4665.5
07BBBBB2688B1Z373,0.0,0.0
07BBBBB9703B1Z374,0.0,0.0
07BBBBB9128B1Z375,212535.52000000002,40801.76
07BBBBB6677B1Z376,205534.47999999998,39309.83
07BBBBB2050B1Z377,77827.15,8194.62
07BBBBB6087B1Z378,131496.51,21414.8
07BBBBB1355B1Z379,200904.01,16830.34
07BBBBB8917B1Z380,174597.81,28363.62
07BBBBB5012B1Z381,29954.94,1864.64
07BBBBB5908B1Z382,0.0,0.0
07BBBBB7595B1Z383,0.0,0.0
07BBBBB1303B1Z384,270062.35,41355.98
07BBBBB3037B1Z385,157619.37,4968.56
07BBBBB1400B1Z386,73040.82,1191.54
07BBBBB6886B1Z387,82213.01,15905.16
07BBBBB1881B1Z388,109876.81,1690.07
07BBBBB5682B1Z389,151936.29,2748.24
07BBBBB5954B1Z390,168881.88,18233.48
07BBBBB5425B1Z391,167587.59,22265.99
07BBBBB3708B1Z392,159647.78,18945.09
07BBBBB6431B1Z393,38216.05,4292.89
07BBBBB6129B1Z394,29222.78,2972.91
07BBBBB7075B1Z395,115922.71,19060.65
07BBBBB9968B1Z396,217607.53,12252.62
07BBBBB2551B1Z397,156482.91,25248.69
07BBBBB2831B1Z398,139200.18,14150.63
07BBBBB7446B1Z399,337845.66,7602.24
07BBBBB7801B1Z400,223392.2,15560.27
07BBBBB7026B1Z401,26665.07,4259.15
07BBBBB1019B1Z402,173466.26,2025.53
07BBBBB4251B1Z403,9182.18,1384.37
07BBBBB5650B1Z404,21679.98,528.53
07BBBBB6919B1Z405,114001.05,12922.54
07BBBBB9268B1Z406,116848.75,10711.65
07BBBBB8883B1Z407,71702.59000000001,8502.9
07BBBBB9296B1Z408,270744.38,16789.76
07BBBBB4924B1Z409,207229.06,4560.6
07BBBBB5245B1Z410,334511.25,4848.52
07BBBBB8656B1Z411,393591.7200000001,54007.09
07BBBBB6649B1Z412,97062.74,1082.25
07BBBBB7084B1Z413,87423.03,9235.01
07BBBBB5857B1Z414,272102.99,19482.81
07BBBBB3363B1Z415,167532.87,11140.38
07BBBBB8019B1Z416,31401.69,946.27
07BBBBB4813B1Z417,0.0,0.0
07BBBBB9760B1Z418,170905.7,7673.84
07BBBBB1374B1Z419,98448.98,1650.62
07BBBBB4234B1Z420,144980.51,24636.55
07BBBBB7514B1Z421,161946.37,10146.41
07BBBBB6284B1Z422,303933.14,45373.45
07BBBBB1083B1Z423,217400.33000000002,24834.52
07BBBBB3562B1Z424,136518.21,2356.32
07BBBBB5207B1Z425,243281.0,37400.07
07BBBBB9864B1Z426,261073.08,35037.09
07BBBBB3122B1Z427,267433.17,7521.52
07BBBBB2978B1Z428,204661.8,10253.32
07BBBBB7728B1Z429,24747.73,2576.3
07BBBBB5711B1Z430,129404.65,1590.1
07BBBBB8691B1Z431,111625.97,17972.54
07BBBBB7985B1Z432,224945.47,44364.04
07BBBBB4912B1Z433,110492.66,19766.61
07BBBBB8103B1Z434,85591.44,6782.52
07BBBBB9536B1Z435,463778.19,77491.21
07BBBBB9688B1Z436,47940.53,6108.8
07BBBBB8471B1Z437,229974.87,37173.71
07BBBBB4388B1Z438,35114.78,753.66
07BBBBB9963B1Z439,282831.65,20127.71
07BBBBB9254B1Z440,25744.25,1654.22
07BBBBB1268B1Z441,241991.07,8670.48
07BBBBB8784B1Z442,221734.41999999998,17844.39
07BBBBB5190B1Z443,156374.11,18522.35
07BBBBB1141B1Z444,194592.66,24358.82
07BBBBB8777B1Z445,122157.56,1298.24
07BBBBB4803B1Z446,147735.66999999998,9581.3
07BBBBB8966B1Z447,181322.18,22554.75
07BBBBB1009B1Z448,52350.38,2873.65
07BBBBB1498B1Z449,101923.79000000001,5391.72
07BBBBB4424B1Z450,48303.2,3534.49
07BBBBB5535B1Z451,373731.44,74575.82
07BBBBB2827B1Z452,464428.3400000001,26251.6
07BBBBB8011B1Z453,299324.25,44524.8
07BBBBB3158B1Z454,244717.31,46562.76
07BBBBB6250B1Z455,185924.85,17847.54
07BBBBB7057B1Z456,285344.2,28389.77
07BBBBB2980B1Z457,207252.09999999998,37502.14
07BBBBB3025B1Z458,156643.65,20358.66
07BBBBB2928B1Z459,0.0,0.0
07BBBBB5095B1Z460,300381.58999999997,31656.49
07BBBBB5092B1Z461,193442.4,34112.97
07BBBBB3016B1Z462,191040.21,11771.05
07BBBBB2367B1Z463,341829.22,10748.54
07BBBBB1309B1Z464,238564.79,20035.84
07BBBBB3766B1Z465,199872.71,20333.94
07BBBBB9613B1Z466,15052.5,2849.28
07BBBBB2877B1Z467,136136.82,19256.98
07BBBBB7927B1Z468,46719.67,3449.75
07BBBBB5662B1Z469,204884.21000000002,18134.84
07BBBBB6405B1Z470,291278.91000000003,22716.48
07BBBBB8654B1Z471,161851.53,4357.79
07BBBBB7024B1Z472,191248.2,33833.17
07BBBBB8854B1Z473,128927.55,25153.9
07BBBBB1105B1Z474,187186.88,24052.22
07BBBBB5752B1Z475,75523.06,5479.36
07BBBBB4299B1Z476,9847.63,630.58
07BBBBB5525B1Z477,195172.63,29905.6
07BBBBB7057B1Z478,0.0,0.0
07BBBBB9335B1Z479,77085.07,9757.39
07BBBBB3631B1Z480,119247.73999999999,13975.64
07BBBBB7776B1Z481,155788.87,8413.13
07BBBBB9351B1Z482,131948.43,6976.56
07BBBBB1959B1Z483,196691.87,28073.21
07BBBBB3565B1Z484,26554.71,1395.9
07BBBBB4697B1Z485,193429.41,7490.42
07BBBBB6030B1Z486,0.0,0.0
07BBBBB8689B1Z487,109324.70000000001,15833.54
07BBBBB5182B1Z488,39558.59,4410.88
07BBBBB9395B1Z489,257321.91999999998,47843.56
07BBBBB9739B1Z490,112396.06,18425.74
07BBBBB4896B1Z491,0.0,0.0
07BBBBB5575B1Z492,157661.19,26513.72
07BBBBB7487B1Z493,209665.52999999997,27752.9
07BBBBB7283B1Z494,148354.72999999998,3751.45
07BBBBB4561B1Z495,379072.61,62580.11
07BBBBB7941B1Z496,224686.74999999997,40335.53
07BBBBB5482B1Z497,137758.63999999998,26842.04
07BBBBB1539B1Z498,208305.06000000003,30341.26
07BBBBB2404B1Z499,86622.41,1752.73
11ABCDE3573F1Z0,473600.84,468864.83
33ABCDE6274F1Z1,505329.12,500275.83
18ABCDE1814F1Z2,401741.73,397724.31
22ABCDE6648F1Z3,441491.55,437076.63
14ABCDE8703F1Z4,774129.1599999999,766387.87
20ABCDE8432F1Z5,436401.87,432037.85
27ABCDE2814F1Z6,493886.5300000001,488947.66
25ABCDE1216F1Z7,315516.13999999996,312360.98
32ABCDE7693F1Z8,371199.01000000007,367487.02
35ABCDE9331F1Z9,452013.05000000005,447492.92
26ABCDE7298F1Z10,555349.05,549795.56
16ABCDE2783F1Z11,144443.88999999998,142999.45
12ABCDE9263F1Z12,708026.58,700946.31
18ABCDE3334F1Z13,517494.82,512319.87
26ABCDE1891F1Z14,575731.73,569974.41
30ABCDE7513F1Z15,355624.54999999993,352068.3
24ABCDE5728F1Z16,426108.65,421847.56
30ABCDE6530F1Z17,271633.28,268916.95
35ABCDE4671F1Z18,535444.0399999999,530089.6
17ABCDE6687F1Z19,355542.07,351986.65
31ABCDE8067F1Z20,540264.6900000001,534862.04
26ABCDE4287F1Z21,244930.38999999998,242481.09
36ABCDE7412F1Z22,594594.37,588648.43
23ABCDE9697F1Z23,476024.8399999999,471264.59
35ABCDE6794F1Z24,338705.83999999997,335318.78
11ABCDE5920F1Z25,573116.99,567385.82
25ABCDE8939F1Z26,641254.2699999999,634841.73
13ABCDE3199F1Z27,745768.9600000001,738311.27
31ABCDE4676F1Z28,435723.69,431366.45
12ABCDE2824F1Z29,575793.2399999999,570035.31
29ABCDE7299F1Z30,320487.00999999995,317282.14
29ABCDE3989F1Z31,552172.61,546650.88
31ABCDE7167F1Z32,552890.4,547361.5
33ABCDE3742F1Z33,326535.03,323269.68
20ABCDE9440F1Z34,589769.7500000001,583872.05
12ABCDE5551F1Z35,335372.72000000003,332018.99
13ABCDE1278F1Z36,273465.44999999995,270730.8
29ABCDE1885F1Z37,302150.17,299128.67
35ABCDE5420F1Z38,110796.43000000001,109688.47
33ABCDE6704F1Z39,275636.58999999997,272880.22
16ABCDE8074F1Z40,557457.62,551883.04
15ABCDE2773F1Z41,855148.05,846596.57
19ABCDE2700F1Z42,690496.5499999999,683591.58
14ABCDE4898F1Z43,517590.9,512414.99
27ABCDE6878F1Z44,338795.9,335407.94
21ABCDE9896F1Z45,280788.23000000004,277980.35
11ABCDE9399F1Z46,730652.3099999999,723345.79
27ABCDE6371F1Z47,159847.11,158248.64
18ABCDE9015F1Z48,578370.7300000001,572587.02
33ABCDE2626F1Z49,472528.74000000005,467803.45
31ABCDE8165F1Z50,428289.82,424006.92
36ABCDE4759F1Z51,292742.2,289814.78
22ABCDE2214F1Z52,622190.54,615968.63
36ABCDE5218F1Z53,438937.00999999995,434547.64
20ABCDE6812F1Z54,436913.55,432544.41
27ABCDE6962F1Z55,325642.2100000001,322385.79
14ABCDE1190F1Z56,360680.27,357073.47
23ABCDE4037F1Z57,321568.87,318353.18
17ABCDE9303F1Z58,324446.74,321202.27
36ABCDE1234F1Z59,465788.91,461131.02
18ABCDE5376F1Z60,561100.25,555489.25
12ABCDE4680F1Z61,392962.5199999999,389032.89
34ABCDE3914F1Z62,148460.83000000002,146976.22
13ABCDE3488F1Z63,367902.33999999997,364223.32
17ABCDE3922F1Z64,508556.19,503470.63
14ABCDE6695F1Z65,728060.9500000002,720780.34
36ABCDE6093F1Z66,432509.1,428184.01
32ABCDE6645F1Z67,524540.5700000001,519295.16
21ABCDE3359F1Z68,294920.63,291971.42
23ABCDE2626F1Z69,760634.82,753028.47
34ABCDE2511F1Z70,265308.25,262655.17
32ABCDE3766F1Z71,606386.7899999999,600322.92
20ABCDE8471F1Z72,369308.91000000003,365615.82
10ABCDE9125F1Z73,466982.26,462312.44
34ABCDE3157F1Z74,517429.93000000005,512255.63
26ABCDE2194F1Z75,641661.6,635244.98
19ABCDE2941F1Z76,168412.9,166728.77
11ABCDE8464F1Z77,255744.74000000002,253187.29
22ABCDE5255F1Z78,404292.47,400249.55
11ABCDE6917F1Z79,214052.38999999998,211911.87
13ABCDE3078F1Z80,302652.93,299626.4
26ABCDE7636F1Z81,619173.2300000001,612981.5
13ABCDE5149F1Z82,751996.59,744476.62
26ABCDE3416F1Z83,403417.26,399383.09
16ABCDE6638F1Z84,383877.82,380039.04
20ABCDE4637F1Z85,523881.63999999996,518642.82
30ABCDE1490F1Z86,293237.12999999995,290304.76
30ABCDE6657F1Z87,277386.61,274612.74
36ABCDE4854F1Z88,466576.91000000003,461911.14
28ABCDE3655F1Z89,347415.68,343941.52
33ABCDE9723F1Z90,784994.24,777144.3
26ABCDE1293F1Z91,435386.47000000003,431032.61
19ABCDE6745F1Z92,202581.62,200555.8
21ABCDE1674F1Z93,668447.5199999999,661763.04
24ABCDE8176F1Z94,481422.46,476608.24
26ABCDE7520F1Z95,388048.70999999996,384168.22
13ABCDE7985F1Z96,377089.62000000005,373318.72
25ABCDE6399F1Z97,422254.95999999996,418032.41
29ABCDE9213F1Z98,520484.26,515279.42
33ABCDE9918F1Z99,399402.19,395408.17
13ABCDE3134F1Z100,428877.82999999996,424589.05
29ABCDE9893F1Z101,763520.1000000001,755884.9
29ABCDE2802F1Z102,491312.0,486398.88
20ABCDE9023F1Z103,647176.1200000001,640704.36
24ABCDE3017F1Z104,363651.7,360015.18
11ABCDE7117F1Z105,551370.41,545856.71
29ABCDE3890F1Z106,221307.57,219094.49
28ABCDE9620F1Z107,358543.5,354958.07
17ABCDE9252F1Z108,485165.91000000003,480314.25
31ABCDE2200F1Z109,644036.29,637595.93
14ABCDE2903F1Z110,472921.7299999999,468192.51
23ABCDE5782F1Z111,417739.72000000003,413562.32
16ABCDE8946F1Z112,543014.1099999999,537583.97
21ABCDE4573F1Z113,555131.4199999999,549580.11
33ABCDE9745F1Z114,384252.19,380409.67
21ABCDE1194F1Z115,641948.66,635529.17
15ABCDE8579F1Z116,431127.2099999999,426815.94
27ABCDE8491F1Z117,404138.07,400096.69
12ABCDE2905F1Z118,714999.53,707849.53
32ABCDE2670F1Z119,453816.67999999993,449278.51
19ABCDE1403F1Z120,831585.18,823269.33
12ABCDE4058F1Z121,660169.56,653567.86
14ABCDE8617F1Z122,193023.38,191093.15
36ABCDE7264F1Z123,605197.06,599145.09
32ABCDE9754F1Z124,408053.02999999997,403972.5
14ABCDE5100F1Z125,458150.82999999996,453569.32
14ABCDE5687F1Z126,345837.97000000003,342379.59
14ABCDE7330F1Z127,613606.54,607470.47
16ABCDE1693F1Z128,466417.42,461753.25
35ABCDE3302F1Z129,359507.79,355912.71
30ABCDE4266F1Z130,885276.44,876423.68
31ABCDE6748F1Z131,695519.93,688564.73
15ABCDE1809F1Z132,385234.38,381382.04
12ABCDE5973F1Z133,457423.03,452848.8
18ABCDE2635F1Z134,372965.49,369235.84
19ABCDE2000F1Z135,473382.01,468648.19
34ABCDE4453F1Z136,314717.03,311569.86
27ABCDE3147F1Z137,555204.08,549652.04
15ABCDE5656F1Z138,645840.36,639381.96
19ABCDE6787F1Z139,356537.15,352971.78
24ABCDE9252F1Z140,760676.47,753069.71
31ABCDE4288F1Z141,579369.33,573575.64
11ABCDE6992F1Z142,555647.22,550090.75
19ABCDE7173F1Z143,507939.41000000003,502860.02
28ABCDE2360F1Z144,493189.80000000005,488257.9
32ABCDE4452F1Z145,290579.59,287673.79
32ABCDE5551F1Z146,524722.48,519475.26
20ABCDE8920F1Z147,220882.93000000002,218674.1
32ABCDE1904F1Z148,230787.49000000002,228479.62
23ABCDE4296F1Z149,351846.67000000004,348328.2
10ABCDE6651F1Z150,328692.74,325405.81
16ABCDE3580F1Z151,260274.24999999997,257671.51
23ABCDE6292F1Z152,85626.71,84770.44
24ABCDE1154F1Z153,676858.1200000001,670089.54
36ABCDE7762F1Z154,871610.0400000002,862893.94
21ABCDE7622F1Z155,695652.3,688695.78
16ABCDE8549F1Z156,451337.07000000007,446823.7
18ABCDE6106F1Z157,404126.84,400085.57
13ABCDE8211F1Z158,467153.0,462481.47
25ABCDE5512F1Z159,585404.82,579550.77
33ABCDE5889F1Z160,616069.28,609908.59
13ABCDE8839F1Z161,835094.31,826743.37
10ABCDE6950F1Z162,442790.25,438362.35
26ABCDE5131F1Z163,400902.98,396893.95
25ABCDE6753F1Z164,342796.43999999994,339368.48
21ABCDE5946F1Z165,364828.12,361179.84
25ABCDE7411F1Z166,280223.82,277421.58
23ABCDE1490F1Z167,320949.17000000004,317739.68
13ABCDE6098F1Z168,306468.88,303404.19
35ABCDE8847F1Z169,541965.9299999999,536546.27
24ABCDE4801F1Z170,459373.47,454779.74
20ABCDE4438F1Z171,376563.22,372797.59
24ABCDE2254F1Z172,649211.8,642719.68
36ABCDE1422F1Z173,378614.39999999997,374828.26
15ABCDE6150F1Z174,288022.03,285141.81
34ABCDE4644F1Z175,208156.27,206074.71
13ABCDE5696F1Z176,399336.74,395343.37
14ABCDE5687F1Z177,635462.45,629107.83
17ABCDE3400F1Z178,310492.32999999996,307387.41
26ABCDE1845F1Z179,639634.9099999999,633238.56
32ABCDE6645F1Z180,503466.96,498432.29
35ABCDE3063F1Z181,512411.99,507287.87
13ABCDE3042F1Z182,270060.36,267359.76
33ABCDE5021F1Z183,253319.38999999998,250786.2
33ABCDE8614F1Z184,276876.27,274107.51
18ABCDE6417F1Z185,850159.65,841658.05
20ABCDE4145F1Z186,167466.04,165791.38
14ABCDE1625F1Z187,528245.7,522963.24
20ABCDE8514F1Z188,315950.22,312790.72
29ABCDE2754F1Z189,335898.94999999995,332539.96
12ABCDE4679F1Z190,323465.22,320230.57
28ABCDE4249F1Z191,491270.92000000004,486358.21
14ABCDE1347F1Z192,400527.68999999994,396522.41
19ABCDE3312F1Z193,641265.91,634853.25
28ABCDE3893F1Z194,502547.82,497522.34
15ABCDE5767F1Z195,363517.07,359881.9
10ABCDE6453F1Z196,507141.9099999999,502070.49
35ABCDE6394F1Z197,628907.63,622618.55
22ABCDE3575F1Z198,599204.61,593212.56
30ABCDE4958F1Z199,515864.48,510705.84
13ABCDE2745F1Z200,582114.48,576293.34
11ABCDE4435F1Z201,559385.4899999999,553791.64
32ABCDE5215F1Z202,693886.35,686947.49
26ABCDE9345F1Z203,416884.81000000006,412715.96
23ABCDE7239F1Z204,347063.5,343592.86
14ABCDE2119F1Z205,489253.64,484361.1
11ABCDE5000F1Z206,415048.98000000004,410898.49
19ABCDE1195F1Z207,515467.79999999993,510313.12
22ABCDE3943F1Z208,392518.95,388593.76
36ABCDE6769F1Z209,612268.74,606146.05
31ABCDE6714F1Z210,528435.26,523150.91
20ABCDE8817F1Z211,378473.91000000003,374689.17
10ABCDE6103F1Z212,350946.75,347437.28
24ABCDE9901F1Z213,375352.96,371599.43
20ABCDE3243F1Z214,244604.21,242158.17
14ABCDE5091F1Z215,269686.63,266989.76
36ABCDE8262F1Z216,411056.18999999994,406945.63
18ABCDE7285F1Z217,488645.85000000003,483759.39
20ABCDE8643F1Z218,254892.54,252343.61
25ABCDE7716F1Z219,242944.11,240514.67
30ABCDE4720F1Z220,611049.9299999999,604939.43
36ABCDE2747F1Z221,745248.6099999999,737796.12
34ABCDE6082F1Z222,328773.38,325485.65
28ABCDE2013F1Z223,314245.70000000007,311103.24
29ABCDE7543F1Z224,410660.62,406554.01
25ABCDE7090F1Z225,645491.9999999999,639037.08
21ABCDE3051F1Z226,480168.87,475367.18
18ABCDE5246F1Z227,282839.69,280011.29
23ABCDE2439F1Z228,410198.87999999995,406096.89
29ABCDE9226F1Z229,658435.94,651851.58
17ABCDE6855F1Z230,302631.05,299604.74
11ABCDE9526F1Z231,353582.33,350046.51
24ABCDE7881F1Z232,576855.0900000001,571086.54
12ABCDE1403F1Z233,191098.27999999997,189187.3
30ABCDE1637F1Z234,384992.12,381142.2
15ABCDE2702F1Z235,509308.64,504215.55
27ABCDE1740F1Z236,462058.4,457437.82
33ABCDE4255F1Z237,494038.01999999996,489097.64
23ABCDE8791F1Z238,521126.52999999997,515915.26
18ABCDE2440F1Z239,725644.4500000001,718388.01
19ABCDE3423F1Z240,255378.47999999998,252824.7
33ABCDE5912F1Z241,565668.3400000001,560011.66
28ABCDE7687F1Z242,422204.32,417982.28
16ABCDE2611F1Z243,500200.68,495198.67
29ABCDE9837F1Z244,567093.65,561422.71
26ABCDE9014F1Z245,594863.33,588914.7
29ABCDE2567F1Z246,351412.06,347897.94
24ABCDE4544F1Z247,336449.3,333084.81
32ABCDE5706F1Z248,696993.39,690023.46
11ABCDE5245F1Z249,486341.46,481478.05
10ABCDE2632F1Z250,428044.3799999999,423763.94
22ABCDE7366F1Z251,369460.77,365766.16
33ABCDE6017F1Z252,680972.96,674163.23
34ABCDE8198F1Z253,391202.79,387290.76
24ABCDE8202F1Z254,588323.47,582440.24
16ABCDE4144F1Z255,455620.01,451063.81
24ABCDE2224F1Z256,400439.58999999997,396435.19
21ABCDE3055F1Z257,353476.3,349941.54
14ABCDE3531F1Z258,395698.74,391741.75
10ABCDE2230F1Z259,561266.52,555653.85
13ABCDE5429F1Z260,386433.36000000004,382569.03
33ABCDE2828F1Z261,300078.08999999997,297077.31
36ABCDE2823F1Z262,609377.71,603283.93
36ABCDE2858F1Z263,573038.61,567308.22
36ABCDE4648F1Z264,413243.42,409110.99
18ABCDE8021F1Z265,397664.36999999994,393687.73
17ABCDE5363F1Z266,188399.87999999998,186515.88
19ABCDE8619F1Z267,667572.21,660896.49
18ABCDE7642F1Z268,478215.98000000004,473433.82
14ABCDE5616F1Z269,347099.17000000004,343628.18
28ABCDE8211F1Z270,305802.48000000004,302744.46
21ABCDE2404F1Z271,135591.83000000002,134235.91
34ABCDE9504F1Z272,753577.9700000002,746042.19
32ABCDE6190F1Z273,759235.1200000001,751642.77
36ABCDE6998F1Z274,456857.51999999996,452288.94
32ABCDE4830F1Z275,531818.47,526500.29
31ABCDE2214F1Z276,833908.0499999998,825568.97
23ABCDE6337F1Z277,445215.3300000001,440763.18
31ABCDE8652F1Z278,400689.68,396682.78
10ABCDE8383F1Z279,487259.44,482386.85
32ABCDE6115F1Z280,271755.27,269037.72
32ABCDE9072F1Z281,320901.23,317692.22
23ABCDE8663F1Z282,672189.35,665467.46
20ABCDE3438F1Z283,584329.0100000001,578485.72
16ABCDE9999F1Z284,315092.73,311941.8
16ABCDE7459F1Z285,470904.70000000007,466195.65
14ABCDE9497F1Z286,599643.66,593647.22
27ABCDE4129F1Z287,185275.43,183422.68
15ABCDE9848F1Z288,548974.08,543484.34
29ABCDE9053F1Z289,500658.93000000005,495652.34
35ABCDE7124F1Z290,413906.12,409767.06
19ABCDE3969F1Z291,507850.77999999997,502772.27
13ABCDE6500F1Z292,415747.85000000003,411590.37
33ABCDE3009F1Z293,432217.05000000005,427894.88
25ABCDE5606F1Z294,652023.4899999999,645503.26
34ABCDE2965F1Z295,489636.18,484739.82
25ABCDE8926F1Z296,161935.90999999997,160316.55
17ABCDE2794F1Z297,318357.93,315174.35
20ABCDE6941F1Z298,688951.2600000001,682061.75
22ABCDE4849F1Z299,338378.49000000005,334994.71
17ABCDE9382F1Z300,395335.83999999997,391382.48
14ABCDE6012F1Z301,665877.5299999999,659218.75
11ABCDE7783F1Z302,284999.86,282149.86
24ABCDE9818F1Z303,186734.78,184867.43
10ABCDE5467F1Z304,782548.73,774723.24
30ABCDE4660F1Z305,360698.04000000004,357091.06
28ABCDE6130F1Z306,315222.89999999997,312070.67
22ABCDE7516F1Z307,493467.75000000006,488533.07
12ABCDE9551F1Z308,249493.96000000002,246999.02
36ABCDE2325F1Z309,333126.25000000006,329794.99
19ABCDE8897F1Z310,525109.3300000001,519858.24
12ABCDE7574F1Z311,290772.75,287865.02
30ABCDE4896F1Z312,1063606.27,1052970.21
23ABCDE5966F1Z313,538231.3899999999,532849.08
13ABCDE3080F1Z314,403026.04000000004,398995.78
22ABCDE6794F1Z315,364267.38,360624.71
22ABCDE3061F1Z316,483942.62,479103.19
15ABCDE1206F1Z317,438346.68000000005,433963.21
29ABCDE6322F1Z318,346865.18,343396.53
29ABCDE9456F1Z319,217803.65,215625.61
35ABCDE4571F1Z320,285289.26,282436.37
13ABCDE2763F1Z321,538033.69,532653.35
10ABCDE7755F1Z322,523945.12999999995,518705.68
20ABCDE1951F1Z323,714295.3300000001,707152.38
33ABCDE1289F1Z324,311842.14,308723.72
19ABCDE3062F1Z325,734912.5400000002,727563.41
24ABCDE6836F1Z326,327801.63,324523.61
21ABCDE5342F1Z327,579982.5599999999,574182.73
22ABCDE5239F1Z328,368340.61000000004,364657.2
35ABCDE9732F1Z329,594914.6,588965.45
34ABCDE2620F1Z330,604816.2099999998,598768.05
35ABCDE5714F1Z331,310787.63,307679.75
35ABCDE6339F1Z332,509716.14999999997,504618.99
28ABCDE8522F1Z333,487102.57000000007,482231.54
25ABCDE5895F1Z334,683462.9199999999,676628.29
11ABCDE9454F1Z335,636922.18,630552.96
25ABCDE7371F1Z336,231035.36,228725.01
23ABCDE9672F1Z337,496858.18000000005,491889.6
34ABCDE7302F1Z338,601956.33,595936.77
12ABCDE9342F1Z339,435806.28,431448.22
16ABCDE9404F1Z340,588036.33,582155.97
11ABCDE4401F1Z341,498760.7,493773.09
28ABCDE6170F1Z342,374721.82,370974.6
31ABCDE9979F1Z343,388748.94000000006,384861.45
33ABCDE7671F1Z344,611348.44,605234.96
33ABCDE1960F1Z345,435106.93,430755.86
34ABCDE5926F1Z346,519681.82,514485.0
23ABCDE6474F1Z347,915857.48,906698.91
14ABCDE5126F1Z348,382272.38,378449.66
11ABCDE6606F1Z349,825240.13,816987.73
11ABCDE4242F1Z350,491667.05,486750.38
16ABCDE1192F1Z351,533418.96,528084.77
14ABCDE9542F1Z352,544486.72,539041.85
36ABCDE5527F1Z353,953503.0200000001,943967.99
13ABCDE2951F1Z354,409428.07000000007,405333.79
34ABCDE1872F1Z355,609790.5700000001,603692.66
33ABCDE3805F1Z356,521253.79,516041.25
14ABCDE6233F1Z357,453313.51000000007,448780.37
13ABCDE4011F1Z358,487911.07000000007,483031.96
30ABCDE3270F1Z359,657597.3,651021.33
11ABCDE3056F1Z360,200793.09,198785.16
34ABCDE6099F1Z361,899438.17,890443.79
19ABCDE9087F1Z362,562499.4299999999,556874.44
29ABCDE1420F1Z363,218621.25,216435.04
30ABCDE5075F1Z364,308675.33999999997,305588.59
11ABCDE9778F1Z365,462915.01999999996,458285.87
35ABCDE9200F1Z366,581422.17,575607.95
29ABCDE6877F1Z367,407424.55000000005,403350.3
15ABCDE7557F1Z368,334293.32999999996,330950.4
17ABCDE4247F1Z369,784765.2400000001,776917.59
10ABCDE5380F1Z370,461595.72,456979.76
11ABCDE2895F1Z371,280501.04000000004,277696.03
16ABCDE4602F1Z372,419127.06,414935.79
28ABCDE4668F1Z373,366026.37,362366.11
29ABCDE9884F1Z374,404228.27999999997,400186.0
26ABCDE3547F1Z375,419113.94,414922.8
29ABCDE7813F1Z376,355600.35,352044.35
23ABCDE7531F1Z377,657333.7100000001,650760.37
27ABCDE7902F1Z378,539686.39,534289.53
22ABCDE8896F1Z379,246991.25999999995,244521.35
10ABCDE6952F1Z380,531067.87,525757.19
17ABCDE8964F1Z381,650599.9400000001,644093.94
24ABCDE6266F1Z382,443465.43999999994,439030.79
20ABCDE6034F1Z383,493479.39,488544.6
13ABCDE1907F1Z384,381390.57,377576.66
16ABCDE3960F1Z385,301251.41,298238.9
11ABCDE1305F1Z386,860527.86,851922.58
15ABCDE1019F1Z387,569249.45,563556.96
27ABCDE2953F1Z388,441926.31999999995,437507.06
29ABCDE3456F1Z389,425093.33999999997,420842.41
17ABCDE4143F1Z390,298984.89,295995.04
27ABCDE5718F1Z391,543016.6900000001,537586.52
18ABCDE4534F1Z392,348526.65,345041.38
20ABCDE9079F1Z393,482034.3900000001,477214.05
20ABCDE4883F1Z394,735634.9999999999,728278.65
25ABCDE3009F1Z395,195695.28,193738.33
36ABCDE3024F1Z396,563564.9600000001,557929.31
17ABCDE1790F1Z397,464524.56,459879.31
31ABCDE9122F1Z398,181721.41999999998,179904.21
14ABCDE1947F1Z399,360641.85,357035.43
17ABCDE9250F1Z400,483798.7500000001,478960.76
23ABCDE4512F1Z401,352374.80000000005,348851.05
24ABCDE1083F1Z402,117694.3,116517.36
15ABCDE8613F1Z403,685851.8600000001,678993.34
23ABCDE2691F1Z404,473371.92,468638.2
36ABCDE8584F1Z405,445797.64,441339.66
36ABCDE1854F1Z406,456131.05,451569.74
11ABCDE4822F1Z407,668577.1299999999,661891.36
23ABCDE2097F1Z408,552116.6399999999,546595.47
24ABCDE4715F1Z409,717062.03,709891.41
27ABCDE3137F1Z410,242961.25999999998,240531.65
24ABCDE9550F1Z411,934195.37,924853.42
36ABCDE8114F1Z412,379080.23,375289.43
11ABCDE1099F1Z413,271654.62,268938.07
16ABCDE2466F1Z414,474206.20000000007,469464.14
14ABCDE6226F1Z415,221858.10000000003,219639.52
28ABCDE8598F1Z416,483156.97,478325.4
19ABCDE9720F1Z417,410759.48,406651.89
25ABCDE7928F1Z418,505798.7500000001,500740.76
23ABCDE6849F1Z419,741380.88,733967.07
36ABCDE1685F1Z420,823369.36,815135.67
18ABCDE6833F1Z421,392617.22000000003,388691.05
23ABCDE1864F1Z422,432403.02,428078.99
18ABCDE3627F1Z423,662193.75,655571.81
17ABCDE2947F1Z424,397654.02,393677.48
26ABCDE7536F1Z425,494941.05999999994,489991.65
19ABCDE8579F1Z426,249700.18,247203.18
35ABCDE7320F1Z427,599515.94,593520.78
33ABCDE8386F1Z428,560183.59,554581.75
24ABCDE4572F1Z429,420681.22,416474.41
13ABCDE9112F1Z430,795241.85,787289.43
16ABCDE6161F1Z431,290824.3,287916.06
31ABCDE9460F1Z432,446278.73000000004,441815.94
20ABCDE3430F1Z433,582565.6200000001,576739.96
28ABCDE8599F1Z434,404682.87000000005,400636.04
13ABCDE6009F1Z435,574451.8799999999,568707.36
31ABCDE8221F1Z436,431933.78,427614.44
12ABCDE4849F1Z437,926426.4400000002,917162.18
17ABCDE5391F1Z438,241160.75,238749.14
24ABCDE9771F1Z439,513238.31000000006,508105.93
10ABCDE3047F1Z440,254236.49,251694.13
11ABCDE6663F1Z441,485840.97,480982.56
30ABCDE1505F1Z442,488883.44,483994.61
35ABCDE3179F1Z443,314973.04,311823.31
30ABCDE6342F1Z444,624695.43,618448.48
34ABCDE5599F1Z445,235603.9,233247.86
32ABCDE1655F1Z446,228673.99000000002,226387.25
13ABCDE1838F1Z447,368951.80000000005,365262.28
17ABCDE9882F1Z448,435004.82,430654.77
28ABCDE7679F1Z449,268665.31000000006,265978.66
15ABCDE8119F1Z450,353164.06,349632.42
21ABCDE1160F1Z451,295679.2,292722.41
34ABCDE5292F1Z452,533711.93,528374.81
29ABCDE9529F1Z453,444919.56999999995,440470.37
22ABCDE3776F1Z454,915991.53,906831.61
16ABCDE2489F1Z455,366013.95000000007,362353.81
19ABCDE3449F1Z456,515034.19000000006,509883.85
36ABCDE4144F1Z457,362186.61,358564.74
22ABCDE1578F1Z458,538770.3,533382.6
15ABCDE1596F1Z459,267226.83,264554.56
31ABCDE1856F1Z460,537557.26,532181.69
15ABCDE8307F1Z461,755903.6100000001,748344.57
24ABCDE4610F1Z462,551107.7799999999,545596.7
33ABCDE6138F1Z463,434375.05,430031.3
11ABCDE1356F1Z464,503221.4,498189.19
30ABCDE1063F1Z465,606678.8899999999,600612.1
21ABCDE2424F1Z466,610211.74,604109.62
30ABCDE2820F1Z467,547118.05,541646.87
29ABCDE8990F1Z468,439827.96,435429.68
23ABCDE9173F1Z469,352655.08999999997,349128.54
13ABCDE7151F1Z470,506062.6,501001.97
29ABCDE3742F1Z471,421831.36,417613.05
25ABCDE9668F1Z472,871771.07,863053.36
14ABCDE4876F1Z473,277846.97,275068.5
21ABCDE2583F1Z474,558695.71,553108.75
23ABCDE7990F1Z475,781989.6599999999,774169.76
32ABCDE7086F1Z476,415202.73,411050.7
15ABCDE8796F1Z477,243794.66,241356.71
15ABCDE8508F1Z478,443395.49000000005,438961.54
18ABCDE4930F1Z479,144091.87,142650.95
29ABCDE8493F1Z480,948058.8500000001,938578.26
15ABCDE1633F1Z481,279786.6,276988.73
30ABCDE9252F1Z482,447899.98000000004,443420.98
36ABCDE9719F1Z483,507965.59,502885.93
23ABCDE5269F1Z484,483703.84,478866.8
24ABCDE9303F1Z485,612374.25,606250.51
33ABCDE6890F1Z486,722628.8799999999,715402.59
11ABCDE8895F1Z487,430672.05,426365.33
11ABCDE1137F1Z488,456088.48000000004,451527.6
18ABCDE9406F1Z489,566854.1499999999,561185.61
18ABCDE6882F1Z490,249584.47999999998,247088.64
35ABCDE9533F1Z491,448869.41000000003,444380.72
21ABCDE1578F1Z492,571792.72,566074.79
24ABCDE2403F1Z493,686969.19,680099.5
33ABCDE6837F1Z494,247918.95,245439.76
31ABCDE7376F1Z495,495585.47,490629.62
21ABCDE8263F1Z496,334239.18,330896.79
31ABCDE2202F1Z497,569763.43,564065.8
33ABCDE5213F1Z498,427538.36,423262.98
11ABCDE8859F1Z499,548274.11,542791.37
23ABCDE7029F1Z500,535813.8100000002,530455.67
34ABCDE2531F1Z501,515645.57999999996,510489.12
33ABCDE1137F1Z502,402949.75,398920.25
31ABCDE8675F1Z503,514730.57,509583.26
26ABCDE7188F1Z504,577018.03,571247.85
29ABCDE3626F1Z505,472857.62,468129.04
36ABCDE6194F1Z506,678675.0900000001,671888.34
12ABCDE8728F1Z507,562995.9900000001,557366.03
15ABCDE9697F1Z508,547187.26,541715.39
35ABCDE9382F1Z509,359387.45,355793.58
28ABCDE9326F1Z510,743612.87,736176.74
18ABCDE4939F1Z511,208653.18000000002,206566.65
33ABCDE9503F1Z512,542336.62,536913.25
20ABCDE4702F1Z513,503784.6300000001,498746.78
31ABCDE3087F1Z514,643612.0600000002,637175.94
35ABCDE7026F1Z515,760190.86,752588.95
23ABCDE1380F1Z516,468981.72000000003,464291.9
17ABCDE7689F1Z517,683174.6100000001,676342.86
28ABCDE9229F1Z518,519166.76,513975.09
33ABCDE3804F1Z519,291277.2,288364.43
27ABCDE6431F1Z520,640995.1000000001,634585.15
33ABCDE1015F1Z521,431783.91,427466.07
29ABCDE7939F1Z522,498429.88,493445.58
21ABCDE6789F1Z523,431597.81,427281.83
16ABCDE8114F1Z524,587233.27,581360.94
25ABCDE9282F1Z525,413913.61,409774.47
11ABCDE1080F1Z526,719152.9299999999,711961.4
17ABCDE2606F1Z527,291130.28,288218.98
16ABCDE1567F1Z528,683861.9899999999,677023.37
30ABCDE3787F1Z529,738921.99,731532.77
29ABCDE2291F1Z530,507342.79000000004,502269.36
33ABCDE6309F1Z531,342102.03,338681.01
27ABCDE8750F1Z532,408796.54000000004,404708.57
24ABCDE7103F1Z533,757032.5700000001,749462.24
10ABCDE4034F1Z534,800563.5899999999,792557.95
34ABCDE8100F1Z535,429955.6,425656.04
14ABCDE6638F1Z536,245920.16,243460.96
18ABCDE6498F1Z537,793211.34,785279.23
36ABCDE1622F1Z538,337433.42000000004,334059.09
28ABCDE1056F1Z539,415264.74,411112.09
19ABCDE8897F1Z540,337943.33999999997,334563.91
27ABCDE1954F1Z541,539635.1900000001,534238.84
34ABCDE9177F1Z542,655323.8799999999,648770.64
14ABCDE9427F1Z543,354563.98,351018.34
12ABCDE8685F1Z544,322062.13,318841.51
13ABCDE2846F1Z545,418475.91000000003,414291.15
19ABCDE6081F1Z546,584119.3900000001,578278.2
19ABCDE1983F1Z547,292380.49,289456.69
20ABCDE4120F1Z548,459612.0,455015.88
28ABCDE2485F1Z549,509448.59,504354.1
31ABCDE4326F1Z550,339380.32999999996,335986.53
15ABCDE1988F1Z551,102248.76000000001,101226.27
12ABCDE3312F1Z552,364621.63999999996,360975.42
13ABCDE2701F1Z553,473586.74000000005,468850.87
32ABCDE2459F1Z554,369652.9200000001,365956.39
11ABCDE3591F1Z555,610802.5599999999,604694.53
17ABCDE7092F1Z556,378231.38,374449.07
19ABCDE7061F1Z557,723095.5100000001,715864.55
31ABCDE1063F1Z558,400495.71,396490.75
14ABCDE8875F1Z559,642373.5700000001,635949.83
27ABCDE3452F1Z560,497076.3499999999,492105.59
21ABCDE5637F1Z561,353467.12999999995,349932.46
10ABCDE3373F1Z562,309247.08,306154.61
30ABCDE9527F1Z563,576567.35,570801.68
26ABCDE6502F1Z564,313817.33999999997,310679.17
34ABCDE3423F1Z565,271020.18,268309.98
14ABCDE2846F1Z566,830381.6699999999,822077.85
16ABCDE6562F1Z567,157960.66,156381.05
12ABCDE9094F1Z568,449021.01000000007,444530.8
17ABCDE2450F1Z569,620824.0599999999,614615.82
20ABCDE9380F1Z570,636194.75,629832.8
21ABCDE5463F1Z571,308175.51,305093.75
25ABCDE5557F1Z572,755248.2700000001,747695.79
13ABCDE6001F1Z573,295030.72,292080.41
36ABCDE3920F1Z574,314388.71,311244.82
16ABCDE2218F1Z575,484740.24000000005,479892.84
26ABCDE9263F1Z576,530279.17,524976.38
30ABCDE6757F1Z577,790933.6,783024.26
14ABCDE8611F1Z578,392880.88,388952.07
35ABCDE4733F1Z579,440826.79,436418.52
33ABCDE6745F1Z580,448531.73,444046.41
28ABCDE2311F1Z581,309158.56,306066.97
35ABCDE4518F1Z582,751128.98,743617.69
36ABCDE9365F1Z583,190805.18,188897.13
31ABCDE4072F1Z584,526763.38,521495.75
26ABCDE5871F1Z585,399694.4699999999,395697.53
15ABCDE4390F1Z586,478572.09,473786.37
35ABCDE5913F1Z587,363177.22,359545.45
11ABCDE4134F1Z588,588030.8200000001,582150.51
10ABCDE5485F1Z589,657139.67,650568.27
32ABCDE1708F1Z590,243385.25,240951.4
14ABCDE8033F1Z591,331575.43,328259.68
18ABCDE3535F1Z592,465621.63,460965.41
20ABCDE8845F1Z593,490444.78,485540.33
14ABCDE4798F1Z594,403851.48,399812.97
19ABCDE3933F1Z595,714353.97,707210.43
12ABCDE7845F1Z596,313819.95,310681.75
36ABCDE1776F1Z597,515193.08999999997,510041.16
19ABCDE7167F1Z598,169059.31,167368.72
10ABCDE6923F1Z599,667899.02,661220.03
20ABCDE9393F1Z600,505484.12999999995,500429.29
35ABCDE7011F1Z601,609500.66,603405.65
28ABCDE6163F1Z602,593487.43,587552.56
23ABCDE9939F1Z603,532177.89,526856.11
10ABCDE1295F1Z604,377898.67,374119.68
34ABCDE3461F1Z605,444517.06,440071.89
10ABCDE1047F1Z606,265031.44,262381.13
31ABCDE8214F1Z607,354218.63999999996,350676.45
28ABCDE3737F1Z608,327433.88,324159.54
16ABCDE2440F1Z609,381168.55,377356.86
20ABCDE6585F1Z610,261859.01,259240.42
32ABCDE4273F1Z611,369266.83,365574.16
10ABCDE5082F1Z612,668490.8799999999,661805.97
17ABCDE3362F1Z613,223944.11999999997,221704.68
28ABCDE2086F1Z614,740174.6100000001,732772.86
36ABCDE1106F1Z615,292088.89,289168.0
12ABCDE7970F1Z616,570960.4,565250.8
20ABCDE8709F1Z617,701582.3600000001,694566.54
12ABCDE7785F1Z618,297881.92000000004,294903.1
32ABCDE7393F1Z619,329937.61,326638.23
30ABCDE8730F1Z620,412963.38,408833.75
16ABCDE8095F1Z621,568014.98,562334.83
34ABCDE4682F1Z622,477285.42,472512.57
26ABCDE7783F1Z623,274451.47,271706.96
35ABCDE1787F1Z624,643603.77,637167.73
30ABCDE8411F1Z625,744582.8099999999,737136.98
14ABCDE8360F1Z626,517307.8300000001,512134.75
32ABCDE6248F1Z627,251844.09000000003,249325.65
24ABCDE8017F1Z628,495969.35,491009.66
25ABCDE6419F1Z629,247595.78,245119.82
33ABCDE8909F1Z630,375745.07999999996,371987.63
33ABCDE6633F1Z631,577421.73,571647.51
30ABCDE9783F1Z632,304458.05999999994,301413.48
24ABCDE3557F1Z633,393691.72,389754.8
16ABCDE7568F1Z634,401455.62,397441.06
12ABCDE4674F1Z635,631647.13,625330.66
14ABCDE8181F1Z636,292428.67999999993,289504.39
13ABCDE5601F1Z637,355887.96,352329.08
13ABCDE7271F1Z638,403104.78,399073.73
30ABCDE8231F1Z639,399662.27,395665.65
13ABCDE8262F1Z640,539894.62,534495.67
28ABCDE2110F1Z641,377717.24,373940.07
18ABCDE2874F1Z642,711988.6,704868.71
36ABCDE4925F1Z643,249298.53000000003,246805.54
34ABCDE7399F1Z644,659945.2800000001,653345.83
27ABCDE8886F1Z645,407732.6,403655.27
26ABCDE5015F1Z646,455769.61,451211.91
19ABCDE4556F1Z647,427177.76,422905.98
36ABCDE2030F1Z648,423769.11,419531.42
29ABCDE6735F1Z649,537981.48,532601.67
35ABCDE5742F1Z650,434808.57999999996,430460.49
33ABCDE6864F1Z651,644422.59,637978.36
32ABCDE7898F1Z652,410924.4600000001,406815.22
19ABCDE1154F1Z653,417968.95000000007,413789.26
28ABCDE6731F1Z654,987769.0499999999,977891.36
22ABCDE8081F1Z655,589550.78,583655.27
26ABCDE9663F1Z656,752306.92,744783.85
15ABCDE5200F1Z657,478723.61,473936.37
23ABCDE5620F1Z658,238593.78999999998,236207.85
35ABCDE5994F1Z659,395476.69,391521.92
36ABCDE5861F1Z660,400554.56000000006,396549.01
14ABCDE8524F1Z661,652106.77,645585.7
27ABCDE6642F1Z662,621610.52,615394.41
22ABCDE6465F1Z663,597352.6499999999,591379.12
15ABCDE7319F1Z664,433161.87,428830.25
21ABCDE2110F1Z665,678736.64,671949.27
19ABCDE7121F1Z666,411370.1,407256.4
18ABCDE6884F1Z667,363419.06,359784.87
10ABCDE8772F1Z668,642432.67,636008.34
27ABCDE1838F1Z669,458376.94,453793.17
26ABCDE5264F1Z670,188508.61000000002,186623.52
21ABCDE1480F1Z671,323382.13,320148.31
28ABCDE7457F1Z672,276043.54,273283.1
19ABCDE4250F1Z673,642388.2399999999,635964.36
29ABCDE8384F1Z674,570750.7699999999,565043.26
30ABCDE3091F1Z675,834769.99,826422.29
13ABCDE2128F1Z676,677455.98,670681.42
22ABCDE7054F1Z677,354287.88,350745.0
30ABCDE3918F1Z678,707158.8200000001,700087.23
27ABCDE9920F1Z679,531780.99,526463.18
33ABCDE1648F1Z680,361990.88,358370.97
23ABCDE1877F1Z681,431713.56,427396.42
33ABCDE3285F1Z682,585735.04,579877.69
32ABCDE8704F1Z683,399836.1099999999,395837.75
13ABCDE9700F1Z684,544259.84,538817.24
27ABCDE1891F1Z685,361243.00999999995,357630.58
31ABCDE7827F1Z686,657533.7200000001,650958.38
13ABCDE3104F1Z687,256272.26,253709.54
17ABCDE2277F1Z688,354204.56,350662.51
33ABCDE4027F1Z689,462390.36,457766.46
29ABCDE9153F1Z690,406734.74999999994,402667.4
19ABCDE2975F1Z691,418362.22,414178.6
26ABCDE4302F1Z692,476729.51,471962.21
10ABCDE7594F1Z693,417552.71,413377.18
28ABCDE9365F1Z694,567505.0800000001,561830.03
30ABCDE4085F1Z695,627843.5599999999,621565.12
14ABCDE4016F1Z696,531602.29,526286.27
19ABCDE9155F1Z697,746391.2,738927.29
23ABCDE1469F1Z698,401602.54,397586.51
24ABCDE8010F1Z699,501552.47,496536.95
22ABCDE5107F1Z700,534315.47,528972.32
26ABCDE6236F1Z701,598460.84,592476.23
16ABCDE4036F1Z702,291513.16000000003,288598.03
14ABCDE9777F1Z703,503440.97,498406.56
16ABCDE4429F1Z704,486785.52,481917.66
25ABCDE6535F1Z705,482717.69000000006,477890.51
27ABCDE5969F1Z706,525319.04,520065.85
14ABCDE9891F1Z707,891628.5800000001,882712.29
32ABCDE6297F1Z708,777263.3,769490.67
12ABCDE8560F1Z709,350035.45999999996,346535.11
13ABCDE5965F1Z710,656778.2799999999,650210.5
22ABCDE2253F1Z711,274542.06,271796.64
11ABCDE5369F1Z712,375131.94,371380.62
17ABCDE8496F1Z713,441701.92000000004,437284.9
10ABCDE6895F1Z714,596035.3999999999,590075.05
27ABCDE7203F1Z715,713623.54,706487.3
36ABCDE7356F1Z716,603300.21,597267.21
20ABCDE9612F1Z717,386822.85,382954.62
29ABCDE7665F1Z718,501339.75000000006,496326.35
13ABCDE4705F1Z719,374884.56,371135.71
26ABCDE6954F1Z720,589652.2899999999,583755.77
18ABCDE5731F1Z721,154018.69999999998,152478.51
16ABCDE1269F1Z722,276257.1,273494.53
20ABCDE9165F1Z723,435858.07000000007,431499.49
21ABCDE2778F1Z724,268267.27999999997,265584.61
24ABCDE9841F1Z725,380460.03,376655.43
12ABCDE9188F1Z726,351190.04,347678.14
35ABCDE6960F1Z727,373469.31000000006,369734.62
27ABCDE3598F1Z728,635309.8899999999,628956.79
22ABCDE1681F1Z729,471434.41,466720.07
19ABCDE3781F1Z730,294274.06,291331.32
15ABCDE8550F1Z731,344728.0,341280.72
19ABCDE3944F1Z732,359786.68,356188.81
10ABCDE3224F1Z733,345924.60000000003,342465.35
18ABCDE3507F1Z734,447638.42999999993,443162.05
35ABCDE3453F1Z735,326610.13,323344.03
27ABCDE8704F1Z736,302483.99999999994,299459.16
32ABCDE2548F1Z737,377977.4,374197.63
25ABCDE1666F1Z738,520173.33999999997,514971.61
35ABCDE2941F1Z739,544191.49,538749.58
12ABCDE1494F1Z740,236498.52,234133.53
15ABCDE6870F1Z741,353148.76,349617.27
18ABCDE3780F1Z742,223402.11,221168.09
17ABCDE4953F1Z743,334533.12,331187.79
33ABCDE5932F1Z744,365133.53,361482.19
30ABCDE3471F1Z745,429229.22,424936.93
34ABCDE5263F1Z746,508885.43000000005,503796.58
16ABCDE2755F1Z747,394176.14,390234.38
30ABCDE5266F1Z748,495589.68000000005,490633.78
24ABCDE4359F1Z749,352275.19999999995,348752.45
10ABCDE3284F1Z750,561949.91,556330.41
24ABCDE8476F1Z751,590068.3399999999,584167.66
22ABCDE3165F1Z752,773857.18,766118.61
17ABCDE4217F1Z753,249033.88999999996,246543.55
29ABCDE6583F1Z754,267271.69999999995,264598.98
23ABCDE8997F1Z755,152100.16,150579.16
13ABCDE9667F1Z756,437459.58,433084.98
31ABCDE1404F1Z757,253908.31000000003,251369.23
32ABCDE8453F1Z758,488924.66,484035.41
16ABCDE9602F1Z759,442638.3399999999,438211.96
32ABCDE1654F1Z760,505284.28,500231.44
10ABCDE8650F1Z761,397913.73999999993,393934.6
10ABCDE9209F1Z762,372996.08999999997,369266.13
23ABCDE7992F1Z763,444255.04000000004,439812.49
23ABCDE7331F1Z764,640496.82,634091.85
35ABCDE5639F1Z765,546019.21,540559.02
26ABCDE1332F1Z766,464408.8,459764.71
28ABCDE3156F1Z767,294138.54,291197.15
26ABCDE8242F1Z768,394300.42000000004,390357.42
30ABCDE7387F1Z769,232971.93000000002,230642.21
19ABCDE1501F1Z770,589861.47,583962.86
27ABCDE2893F1Z771,518801.62999999995,513613.61
35ABCDE5168F1Z772,231937.27000000002,229617.9
25ABCDE7589F1Z773,687547.13,680671.66
15ABCDE7260F1Z774,393581.41000000003,389645.6
33ABCDE3021F1Z775,408016.77,403936.6
34ABCDE9260F1Z776,366766.95000000007,363099.28
13ABCDE7399F1Z777,426786.41000000003,422518.55
12ABCDE4894F1Z778,388264.27999999997,384381.64
21ABCDE8237F1Z779,335900.13,332541.13
24ABCDE4637F1Z780,483789.55,478951.65
35ABCDE4154F1Z781,187811.04,185932.93
17ABCDE5015F1Z782,628129.02,621847.73
20ABCDE2036F1Z783,527723.71,522446.47
30ABCDE5381F1Z784,719080.04,711889.24
10ABCDE9599F1Z785,623391.1,617157.19
21ABCDE6211F1Z786,672347.9700000001,665624.49
12ABCDE2463F1Z787,461625.5,457009.24
14ABCDE3240F1Z788,851858.33,843339.75
20ABCDE7149F1Z789,369304.8,365611.75
19ABCDE2256F1Z790,260000.31,257400.31
25ABCDE6599F1Z791,376204.50999999995,372442.46
26ABCDE7773F1Z792,164653.31000000003,163006.78
13ABCDE8794F1Z793,467324.67000000004,462651.42
31ABCDE6134F1Z794,515147.6,509996.12
31ABCDE6499F1Z795,265643.43,262987.0
10ABCDE5839F1Z796,510873.01999999996,505764.29
29ABCDE7072F1Z797,417321.23000000004,413148.02
34ABCDE3978F1Z798,138960.30000000002,137570.7
32ABCDE3484F1Z799,502554.75999999995,497529.21
22ABCDE4372F1Z800,571434.7699999999,565720.42
10ABCDE3168F1Z801,295592.89,292636.96
32ABCDE4346F1Z802,334263.31,330920.68
31ABCDE2569F1Z803,975875.12,966116.37
34ABCDE5089F1Z804,431750.27999999997,427432.78
30ABCDE4803F1Z805,557770.23,552192.53
16ABCDE2459F1Z806,577727.2999999999,571950.03
17ABCDE6143F1Z807,337223.54000000004,333851.3
20ABCDE4020F1Z808,578529.95,572744.65
35ABCDE7753F1Z809,355910.93,352351.82
26ABCDE2981F1Z810,519122.0899999999,513930.87
35ABCDE2711F1Z811,261618.51,259002.32
27ABCDE7919F1Z812,432718.95,428391.76
21ABCDE3039F1Z813,461085.4,456474.55
29ABCDE9044F1Z814,736990.3099999999,729620.41
32ABCDE7720F1Z815,711171.63,704059.91
22ABCDE6336F1Z816,640748.07,634340.59
21ABCDE4958F1Z817,175155.69,173404.13
11ABCDE1729F1Z818,367654.67999999993,363978.13
28ABCDE5638F1Z819,389233.58999999997,385341.25
16ABCDE8969F1Z820,290671.34,287764.63
20ABCDE4362F1Z821,361226.58999999997,357614.32
27ABCDE2258F1Z822,369530.52,365835.21
36ABCDE7777F1Z823,412502.51,408377.48
27ABCDE7995F1Z824,851582.22,843066.4
21ABCDE6546F1Z825,382813.1,378984.97
18ABCDE7051F1Z826,622595.34,616369.39
15ABCDE1235F1Z827,340646.8,337240.33
28ABCDE7803F1Z828,445028.84,440578.55
36ABCDE7624F1Z829,391425.13,387510.88
30ABCDE4684F1Z830,439281.7799999999,434888.96
36ABCDE1603F1Z831,541384.45,535970.61
32ABCDE8317F1Z832,364363.6,360719.96
10ABCDE8819F1Z833,376668.33999999997,372901.66
17ABCDE9374F1Z834,746544.56,739079.11
31ABCDE2816F1Z835,658037.4299999999,651457.06
32ABCDE6131F1Z836,425341.02,421087.61
20ABCDE1450F1Z837,227903.59000000003,225624.55
24ABCDE8086F1Z838,529962.49,524662.87
14ABCDE5144F1Z839,521213.17,516001.04
11ABCDE1453F1Z840,706909.5000000001,699840.41
20ABCDE3925F1Z841,485882.67,481023.84
28ABCDE1821F1Z842,343127.21,339695.94
20ABCDE4606F1Z843,327007.9,323737.82
19ABCDE5044F1Z844,802373.62,794349.88
30ABCDE4512F1Z845,482093.62,477272.68
33ABCDE2137F1Z846,366033.22,362372.89
10ABCDE4273F1Z847,430220.44,425918.24
11ABCDE6312F1Z848,442717.51,438290.33
25ABCDE8657F1Z849,232299.24,229976.25
25ABCDE7110F1Z850,604058.37,598017.79
35ABCDE7354F1Z851,824396.3599999999,816152.4
20ABCDE9438F1Z852,344756.32000000007,341308.76
33ABCDE9053F1Z853,424467.94000000006,420223.26
34ABCDE7901F1Z854,705260.52,698207.91
22ABCDE2752F1Z855,456327.76999999996,451764.49
30ABCDE3115F1Z856,749938.19,742438.81
16ABCDE6496F1Z857,972290.8700000001,962567.96
26ABCDE6753F1Z858,756576.6000000001,749010.83
13ABCDE5235F1Z859,407140.72000000003,403069.31
28ABCDE9487F1Z860,446825.35,442357.1
36ABCDE4002F1Z861,214397.78000000003,212253.8
21ABCDE1100F1Z862,233377.34999999998,231043.58
21ABCDE8131F1Z863,624674.2499999999,618427.51
11ABCDE2304F1Z864,331636.72000000003,328320.35
28ABCDE4791F1Z865,476532.51,471767.18
32ABCDE1432F1Z866,334792.18999999994,331444.27
36ABCDE9385F1Z867,398981.08999999997,394991.28
23ABCDE1961F1Z868,569269.6,563576.9
27ABCDE3022F1Z869,545066.13,539615.47
16ABCDE9684F1Z870,523777.43000000005,518539.66
27ABCDE9003F1Z871,671612.03,664895.91
15ABCDE4596F1Z872,496318.49999999994,491355.31
21ABCDE8842F1Z873,305754.57999999996,302697.03
23ABCDE9291F1Z874,649389.8199999998,642895.92
20ABCDE2810F1Z875,234629.71,232283.41
25ABCDE5996F1Z876,759728.52,752131.23
35ABCDE5529F1Z877,332789.88000000006,329461.98
29ABCDE4254F1Z878,397424.29,393450.05
29ABCDE2689F1Z879,491356.26,486442.7
12ABCDE1045F1Z880,180193.77999999997,178391.84
13ABCDE8879F1Z881,729703.2400000001,722406.21
15ABCDE7277F1Z882,200418.07,198413.89
31ABCDE9450F1Z883,472416.17999999993,467692.02
23ABCDE3993F1Z884,689601.0700000001,682705.06
34ABCDE8942F1Z885,375690.50999999995,371933.6
11ABCDE1057F1Z886,239521.03,237125.82
22ABCDE7185F1Z887,463589.95,458954.05
32ABCDE6224F1Z888,353317.01,349783.84
31ABCDE3814F1Z889,362588.49,358962.61
21ABCDE3550F1Z890,584890.52,579041.61
22ABCDE4436F1Z891,358406.56999999995,354822.5
12ABCDE4530F1Z892,553212.05,547679.93
17ABCDE3058F1Z893,539549.37,534153.88
33ABCDE8660F1Z894,463238.42,458606.04
33ABCDE6154F1Z895,494153.96,489212.42
29ABCDE1772F1Z896,244513.02000000002,242067.89
36ABCDE5822F1Z897,409000.08,404910.08
25ABCDE4733F1Z898,527605.0700000001,522329.02
28ABCDE5946F1Z899,490192.65,485290.72
23ABCDE7779F1Z900,380781.07,376973.26
33ABCDE3319F1Z901,488797.67,483909.69
29ABCDE2815F1Z902,609283.4299999999,603190.6
30ABCDE2951F1Z903,485327.66,480474.38
15ABCDE6330F1Z904,310992.51,307882.58
17ABCDE7235F1Z905,280919.02,278109.83
16ABCDE6580F1Z906,379423.34,375629.11
19ABCDE6366F1Z907,380027.42,376227.15
27ABCDE4969F1Z908,554520.13,548974.93
29ABCDE8917F1Z909,472414.79000000004,467690.64
10ABCDE7910F1Z910,557845.36,552266.91
33ABCDE8751F1Z911,465713.97,461056.83
16ABCDE4040F1Z912,210928.52000000002,208819.23
21ABCDE1891F1Z913,309920.21,306821.01
18ABCDE1526F1Z914,353057.02,349526.45
31ABCDE8949F1Z915,378397.57,374613.59
16ABCDE8753F1Z916,295150.81000000006,292199.3
28ABCDE4010F1Z917,701768.95,694751.26
23ABCDE9572F1Z918,476857.45000000007,472088.88
27ABCDE7945F1Z919,524495.3400000001,519250.39
13ABCDE7599F1Z920,150445.34,148940.89
22ABCDE3274F1Z921,586607.5700000001,580741.49
23ABCDE6545F1Z922,901181.9599999998,892170.14
35ABCDE1950F1Z923,603585.4099999999,597549.56
33ABCDE9435F1Z924,605514.1,599458.96
12ABCDE2478F1Z925,557780.1300000001,552202.33
33ABCDE7938F1Z926,453956.57999999996,449417.01
32ABCDE9348F1Z927,376553.32999999996,372787.8
15ABCDE8290F1Z928,518156.5399999999,512974.97
31ABCDE1724F1Z929,445901.74,441442.72
31ABCDE8999F1Z930,453387.81000000006,448853.93
29ABCDE6278F1Z931,494531.12000000005,489585.81
35ABCDE6419F1Z932,314153.64999999997,311012.11
35ABCDE5442F1Z933,337421.05,334046.84
35ABCDE7844F1Z934,178880.29,177091.49
27ABCDE1897F1Z935,549158.08,543666.5
32ABCDE4086F1Z936,488723.79,483836.55
27ABCDE8307F1Z937,262822.9,260194.67
15ABCDE6730F1Z938,504303.13,499260.1
17ABCDE1520F1Z939,319116.02,315924.86
35ABCDE9088F1Z940,700981.28,693971.47
22ABCDE3520F1Z941,265935.24,263275.89
22ABCDE2221F1Z942,371155.92000000004,367444.36
31ABCDE2874F1Z943,414624.49,410478.25
15ABCDE3539F1Z944,395370.56,391416.85
29ABCDE9845F1Z945,546891.9500000001,541423.03
30ABCDE3663F1Z946,483984.83,479144.98
33ABCDE4013F1Z947,420070.29999999993,415869.6
28ABCDE2244F1Z948,506947.13999999996,501877.67
26ABCDE6141F1Z949,287137.05,284265.68
16ABCDE8694F1Z950,416610.36999999994,412444.27
29ABCDE9229F1Z951,478989.92000000004,474200.02
20ABCDE1055F1Z952,319563.93,316368.29
18ABCDE4807F1Z953,759262.59,751669.96
24ABCDE2549F1Z954,730117.8400000001,722816.66
17ABCDE1295F1Z955,539563.87,534168.23
16ABCDE2051F1Z956,467308.98,462635.89
26ABCDE5200F1Z957,546563.33,541097.7
18ABCDE4676F1Z958,665438.9199999999,658784.53
29ABCDE3352F1Z959,610911.68,604802.56
22ABCDE9373F1Z960,428142.80000000005,423861.37
12ABCDE3527F1Z961,498797.3899999999,493809.42
19ABCDE3698F1Z962,472891.56,468162.64
26ABCDE3221F1Z963,387069.21,383198.52
14ABCDE8807F1Z964,632332.1299999999,626008.81
34ABCDE8159F1Z965,336677.67,333310.89
14ABCDE6854F1Z966,507554.18999999994,502478.65
32ABCDE8216F1Z967,633944.45,627605.01
20ABCDE3560F1Z968,919585.5299999998,910389.67
34ABCDE7931F1Z969,427392.12000000005,423118.2
17ABCDE6967F1Z970,555925.8200000001,550366.56
29ABCDE1238F1Z971,437414.75999999995,433040.61
34ABCDE4502F1Z972,398591.37999999995,394605.47
31ABCDE6203F1Z973,466618.23,461952.05
19ABCDE7623F1Z974,781101.36,773290.35
36ABCDE2204F1Z975,519901.19000000006,514702.18
30ABCDE3864F1Z976,332089.80000000005,328768.9
23ABCDE7418F1Z977,235936.02000000005,233576.66
16ABCDE5248F1Z978,556999.64,551429.64
31ABCDE6669F1Z979,398437.24999999994,394452.88
24ABCDE1708F1Z980,704364.3999999999,697320.76
32ABCDE4650F1Z981,445535.57,441080.21
26ABCDE3090F1Z982,297635.44,294659.09
31ABCDE6071F1Z983,693804.9299999999,686866.88
23ABCDE8043F1Z984,494361.70000000007,489418.08
36ABCDE7058F1Z985,702127.0,695105.73
19ABCDE1740F1Z986,561951.98,556332.46
30ABCDE2719F1Z987,257808.00999999998,255229.93
28ABCDE4596F1Z988,252538.78,250013.39
14ABCDE2282F1Z989,805193.13,797141.2
31ABCDE1837F1Z990,579933.5599999999,574134.22
33ABCDE4703F1Z991,456596.44,452030.48
30ABCDE7169F1Z992,240361.09000000003,237957.48
10ABCDE4586F1Z993,408995.69999999995,404905.74
32ABCDE7818F1Z994,431783.53,427465.69
34ABCDE6284F1Z995,510313.43999999994,505210.31
23ABCDE8277F1Z996,385395.17000000004,381541.22
12ABCDE4004F1Z997,321517.51,318302.33
25ABCDE4372F1Z998,717931.1,710751.79
29ABCDE5589F1Z999,525622.99,520366.76
30ABCDE8830F1Z1000,327689.27,324412.38
34ABCDE5129F1Z1001,290620.19999999995,287714.0
29ABCDE2784F1Z1002,407833.29,403754.96
19ABCDE2666F1Z1003,535064.78,529714.13
24ABCDE3344F1Z1004,517410.49000000005,512236.39
15ABCDE6714F1Z1005,420931.50999999995,416722.19
13ABCDE3972F1Z1006,630375.8400000001,624072.08
12ABCDE7283F1Z1007,194667.1,192720.43
21ABCDE4726F1Z1008,1025328.8899999999,1015075.6
14ABCDE4493F1Z1009,275044.01,272293.57
17ABCDE9604F1Z1010,724070.9299999999,716830.22
19ABCDE8656F1Z1011,352307.76,348784.68
24ABCDE2949F1Z1012,414134.71,409993.36
33ABCDE9239F1Z1013,210461.43000000002,208356.82
20ABCDE3257F1Z1014,768308.9500000001,760625.86
24ABCDE7910F1Z1015,303562.87,300527.24
12ABCDE2287F1Z1016,139763.49,138365.86
24ABCDE6433F1Z1017,387763.79999999993,383886.16
25ABCDE6703F1Z1018,869827.0900000001,861128.82
17ABCDE8336F1Z1019,317233.33,314061.0
18ABCDE9906F1Z1020,282832.8,280004.47
20ABCDE4734F1Z1021,790788.68,782880.79
22ABCDE3369F1Z1022,397715.69999999995,393738.54
27ABCDE3872F1Z1023,580214.9600000001,574412.81
28ABCDE5407F1Z1024,177815.06,176036.91
14ABCDE3928F1Z1025,297812.26,294834.14
16ABCDE5979F1Z1026,386121.45999999996,382260.25
15ABCDE9853F1Z1027,644632.05,638185.73
33ABCDE4695F1Z1028,557784.26,552206.42
28ABCDE6266F1Z1029,301182.12,298170.3
21ABCDE5068F1Z1030,407720.62,403643.41
22ABCDE5113F1Z1031,246745.59,244278.13
35ABCDE5136F1Z1032,316847.87,313679.39
30ABCDE2187F1Z1033,821154.5099999998,812942.96
17ABCDE4209F1Z1034,249935.02000000002,247435.67
10ABCDE8279F1Z1035,605892.98,599834.05
25ABCDE4358F1Z1036,669729.5900000001,663032.29
12ABCDE9910F1Z1037,404814.49,400766.35
25ABCDE2449F1Z1038,570754.2899999999,565046.75
35ABCDE6775F1Z1039,694800.98,687852.97
16ABCDE8448F1Z1040,302726.17000000004,299698.91
27ABCDE2301F1Z1041,123768.93999999999,122531.25
32ABCDE4394F1Z1042,549390.35,543896.45
21ABCDE8432F1Z1043,417669.4800000001,413492.79
17ABCDE8591F1Z1044,362321.13999999996,358697.93
29ABCDE6331F1Z1045,762175.3500000001,754553.6
15ABCDE5502F1Z1046,672391.2399999999,665667.33
26ABCDE5038F1Z1047,321103.42000000004,317892.39
34ABCDE8423F1Z1048,235683.19000000003,233326.36
20ABCDE5677F1Z1049,180570.27000000002,178764.57
36ABCDE4662F1Z1050,332827.37,329499.1
27ABCDE4756F1Z1051,429146.35000000003,424854.89
12ABCDE6661F1Z1052,718424.2899999999,711240.05
30ABCDE4005F1Z1053,441836.0399999999,437417.68
16ABCDE7838F1Z1054,1083749.0,1072911.51
11ABCDE9265F1Z1055,433138.22,428806.84
34ABCDE6742F1Z1056,470955.87,466246.31
11ABCDE9096F1Z1057,572602.37,566876.35
34ABCDE2861F1Z1058,318715.04,315527.89
10ABCDE4963F1Z1059,540122.5,534721.28
11ABCDE2862F1Z1060,436951.4,432581.89
24ABCDE5173F1Z1061,355440.11,351885.71
36ABCDE1352F1Z1062,916846.28,907677.82
16ABCDE1711F1Z1063,331739.66,328422.26
13ABCDE6084F1Z1064,617956.9400000001,611777.37
17ABCDE1009F1Z1065,212268.35,210145.67
30ABCDE1655F1Z1066,366183.56999999995,362521.73
17ABCDE3092F1Z1067,414145.0,410003.55
13ABCDE1699F1Z1068,493268.85,488336.16
32ABCDE6616F1Z1069,710240.03,703137.63
23ABCDE6728F1Z1070,276080.65,273319.84
22ABCDE6420F1Z1071,754142.8099999999,746601.38
20ABCDE8549F1Z1072,309804.3,306706.26
28ABCDE7289F1Z1073,378027.38,374247.11
31ABCDE3798F1Z1074,708015.8099999999,700935.65
35ABCDE7046F1Z1075,725218.2199999999,717966.04
35ABCDE4343F1Z1076,530467.2899999999,525162.62
35ABCDE8276F1Z1077,724875.3199999998,717626.57
36ABCDE7838F1Z1078,349933.76,346434.42
11ABCDE6156F1Z1079,633001.26,626671.25
32ABCDE9565F1Z1080,316524.07,313358.83
33ABCDE2789F1Z1081,288166.29000000004,285284.63
25ABCDE4204F1Z1082,495923.1400000001,490963.91
18ABCDE1022F1Z1083,457127.87,452556.59
29ABCDE5072F1Z1084,369012.7700000001,365322.64
19ABCDE4065F1Z1085,439012.87,434622.74
21ABCDE1042F1Z1086,913612.5399999999,904476.41
17ABCDE4282F1Z1087,426076.32,421815.56
34ABCDE2538F1Z1088,259650.04,257053.54
16ABCDE3746F1Z1089,103837.2,102798.83
32ABCDE3626F1Z1090,84202.18,83360.16
13ABCDE1304F1Z1091,314167.19,311025.52
12ABCDE7479F1Z1092,565408.86,559754.77
20ABCDE4908F1Z1093,350288.77,346785.88
23ABCDE9228F1Z1094,379507.35,375712.28
18ABCDE5702F1Z1095,264581.14,261935.33
18ABCDE5634F1Z1096,504887.51000000007,499838.63
26ABCDE9625F1Z1097,581897.07,576078.1
10ABCDE9725F1Z1098,159967.39,158367.72
28ABCDE9131F1Z1099,288817.7,285929.52
13ABCDE7342F1Z1100,368783.16,365095.33
25ABCDE8234F1Z1101,455160.60000000003,450608.99
18ABCDE4223F1Z1102,407956.31,403876.75
27ABCDE7883F1Z1103,701649.5600000002,694633.06
26ABCDE2287F1Z1104,746733.0699999998,739265.74
35ABCDE3257F1Z1105,473447.68000000005,468713.2
18ABCDE3479F1Z1106,675320.02,668566.82
24ABCDE9165F1Z1107,592638.2000000001,586711.82
29ABCDE9836F1Z1108,390286.76,386383.89
28ABCDE4765F1Z1109,255618.37999999998,253062.2
22ABCDE1168F1Z1110,546451.41,540986.9
11ABCDE2126F1Z1111,282637.11000000004,279810.74
20ABCDE7829F1Z1112,653989.23,647449.34
13ABCDE8267F1Z1113,587161.9199999999,581290.3
31ABCDE9311F1Z1114,581642.3200000002,575825.9
33ABCDE9908F1Z1115,722397.27,715173.3
26ABCDE1062F1Z1116,320166.55000000005,316964.88
23ABCDE1261F1Z1117,357336.87000000005,353763.5
33ABCDE5749F1Z1118,274272.7,271529.97
15ABCDE8314F1Z1119,596454.4700000001,590489.93
16ABCDE1321F1Z1120,574043.42,568302.99
25ABCDE4419F1Z1121,468237.4,463555.03
10ABCDE4341F1Z1122,229215.19,226923.04
21ABCDE6293F1Z1123,392219.15,388296.96
23ABCDE5185F1Z1124,485916.22000000003,481057.06
36ABCDE9458F1Z1125,315150.17,311998.67
36ABCDE3233F1Z1126,193459.05,191524.46
34ABCDE7847F1Z1127,366454.28,362789.74
12ABCDE6252F1Z1128,241331.82,238918.5
22ABCDE9794F1Z1129,661966.2,655346.54
33ABCDE5290F1Z1130,478778.70999999996,473990.92
16ABCDE4474F1Z1131,404719.52999999997,400672.33
15ABCDE4484F1Z1132,882089.37,873268.48
28ABCDE1530F1Z1133,560092.09,554491.17
20ABCDE2385F1Z1134,768724.1900000002,761036.95
13ABCDE3950F1Z1135,409072.74,404982.01
24ABCDE2133F1Z1136,310871.8,307763.08
29ABCDE8851F1Z1137,426045.69,421785.23
22ABCDE3151F1Z1138,419116.92999999993,414925.76
19ABCDE1102F1Z1139,633274.1699999999,626941.43
18ABCDE6384F1Z1140,507653.8799999999,502577.34
32ABCDE7917F1Z1141,610866.14,604757.48
31ABCDE1569F1Z1142,440560.47000000003,436154.87
27ABCDE1601F1Z1143,545185.4400000001,539733.59
35ABCDE2550F1Z1144,501490.98000000004,496476.07
29ABCDE5237F1Z1145,492917.43999999994,487988.27
28ABCDE7416F1Z1146,568324.98,562641.73
36ABCDE4441F1Z1147,646774.86,640307.11
24ABCDE4081F1Z1148,108077.97,106997.19
25ABCDE8899F1Z1149,445766.20999999996,441308.55
26ABCDE7837F1Z1150,654028.9500000001,647488.66
20ABCDE9220F1Z1151,168437.53,166753.15
33ABCDE1229F1Z1152,95512.99,94557.86
25ABCDE8551F1Z1153,1048283.1699999997,1037800.34
23ABCDE7612F1Z1154,544240.97,538798.56
22ABCDE2529F1Z1155,612400.1000000001,606276.1
13ABCDE7105F1Z1156,349407.31,345913.24
11ABCDE2164F1Z1157,877931.9699999999,869152.65
29ABCDE5934F1Z1158,551587.76,546071.88
14ABCDE5954F1Z1159,718072.7,710891.97
15ABCDE7342F1Z1160,411337.68,407224.3
18ABCDE5109F1Z1161,503804.21,498766.17
25ABCDE8409F1Z1162,413367.13,409233.46
28ABCDE8858F1Z1163,578792.84,573004.91
11ABCDE4953F1Z1164,324282.76,321039.93
19ABCDE6422F1Z1165,343553.7,340118.16
22ABCDE2816F1Z1166,266673.89,264007.15
21ABCDE7921F1Z1167,613236.31,607103.95
22ABCDE6373F1Z1168,687661.3099999998,680784.7
15ABCDE7062F1Z1169,835624.31,827268.07
23ABCDE1863F1Z1170,490868.01999999996,485959.34
24ABCDE2581F1Z1171,405602.0999999999,401546.08
13ABCDE5880F1Z1172,463354.05,458720.51
19ABCDE8624F1Z1173,540067.67,534666.99
16ABCDE6185F1Z1174,602865.44,596836.79
23ABCDE6617F1Z1175,467646.46,462970.0
16ABCDE7885F1Z1176,382036.02999999997,378215.67
35ABCDE1396F1Z1177,330294.63,326991.68
23ABCDE1540F1Z1178,534749.8799999999,529402.38
20ABCDE3309F1Z1179,462205.82,457583.76
10ABCDE2392F1Z1180,282324.56,279501.31
14ABCDE7562F1Z1181,404473.54000000004,400428.8
23ABCDE3374F1Z1182,220511.61,218306.49
12ABCDE2467F1Z1183,229000.74,226710.73
16ABCDE8096F1Z1184,624043.8099999999,617803.37
32ABCDE4881F1Z1185,565273.76,559621.02
17ABCDE2928F1Z1186,452430.3,447906.0
33ABCDE1110F1Z1187,332093.5,328772.57
10ABCDE5607F1Z1188,293967.42,291027.75
29ABCDE2955F1Z1189,571290.6799999999,565577.77
21ABCDE3898F1Z1190,882138.0,873316.62
35ABCDE4294F1Z1191,597212.94,591240.81
12ABCDE2142F1Z1192,411712.89,407595.76
14ABCDE6213F1Z1193,432865.28,428536.63
12ABCDE4800F1Z1194,431657.5900000001,427341.01
35ABCDE9854F1Z1195,185301.11,183448.1
30ABCDE3150F1Z1196,404435.48,400391.13
21ABCDE2929F1Z1197,465120.68,460469.47
28ABCDE2170F1Z1198,382196.18,378374.22
29ABCDE7537F1Z1199,221520.34999999998,219305.15
